Sample_ID,CX1,CX2,CX3,CX4,CX5,CX7,CX9
TCGA-A1-A0SB,353.561368089939,28.972481306719498,22.4826263528205,0.0,0.0,0.0,0.0
TCGA-A1-A0SE,337.83387533742996,68.2385338773929,23.489847176054397,4.5813614416762,57.574274586076896,18.9386957196764,16.8000243406841
TCGA-A1-A0SF,316.248051126424,117.03350234443,50.4812707712358,7.1201017088888,68.1636350583486,16.5366593989658,25.354378213222198
TCGA-A1-A0SG,343.92955174470706,47.5923528583802,25.4825150634408,16.3691638612239,22.6580664752286,11.0830083093193,5.20679448244871
TCGA-A1-A0SN,297.946519449125,107.64654390102899,57.898101597848,28.6714443602975,135.547841850297,48.173339036421005,147.088813974564
TCGA-A2-A04W,286.148211433982,312.99421569765,0.0,108.88974463188299,335.032388504773,83.2652343797137,168.823520990037
TCGA-A2-A04X,271.967079417112,196.56944750102699,63.8927732625134,16.194163979788197,189.312288827301,53.750734003019,84.9048515104979
TCGA-A2-A04Y,316.484828649347,144.175908030583,1.21887220117986,78.3664635743062,167.550339105515,31.3452654276305,182.34494201170202
TCGA-A2-A0CL,271.85458401328,255.88665008874,38.6831099543582,49.8047511646277,192.380173071153,42.1010265744804,58.1729201266638
TCGA-A2-A0CM,106.82970689986799,374.108076324788,290.28747522405496,35.6666699822474,201.609431446683,97.64078111854,44.386891568525705
TCGA-A2-A0CV,332.848526030063,53.53372586198871,58.4092800476139,0.19308489176614999,0.0,13.8330811886859,0.0
TCGA-A2-A0CX,311.613134326599,223.07401334257702,8.480844017429941,68.3198500482046,150.844221604854,21.0360497755172,65.6100879710002
TCGA-A2-A0D0,105.86104384769199,625.165848345031,132.445491925772,114.525391589132,485.68706651669294,99.380070574783,97.2331305181637
TCGA-A2-A0D1,266.156395201895,468.386262524991,27.7677569156135,66.5700666714402,105.13895877140999,23.335669357853398,136.124835708163
TCGA-A2-A0D2,101.56842064135901,407.819041770763,225.573137744336,0.0,449.64598383542096,234.99178439998502,59.2942834474916
TCGA-A2-A0D3,351.31415960312995,25.6798964437533,33.3391055017772,6.696890866794409,0.0,0.699973556872811,2.92674149108161
TCGA-A2-A0D4,211.99608107753997,363.62462637026397,158.03434970099,39.510507714310705,64.5234942297337,41.331528240818294,41.553946084133294
TCGA-A2-A0EQ,242.423015598899,163.31110720140498,137.90091577612802,36.3075727122594,140.547380474942,52.7452175003349,41.3946046294565
TCGA-A2-A0ES,350.886030140621,26.904606599912896,21.706151775610103,8.91296468732385,22.9909782988977,1.05493703268519,0.0
TCGA-A2-A0EU,335.244321351074,75.9455941461954,36.944539978941705,21.326869155428398,0.0,12.5691452585949,10.0428303896324
TCGA-A2-A0EV,224.06266810641603,73.6908274719985,222.47738433676201,6.83389671319351,59.3835812846338,38.7569667193155,30.4567147932457
TCGA-A2-A0EW,335.116837899234,39.9524476567095,19.8406009503577,6.4647138653479805,88.79585036606649,22.9704767502331,16.098372195804902
TCGA-A2-A0EX,295.72830230722803,90.8268870380299,71.3769811933305,71.60674656933021,95.3484775226812,13.3151444631366,42.413053252971395
TCGA-A2-A0EY,188.8724955535,259.10106940376704,160.387312334864,13.929440904419,303.489942557679,104.951348569622,104.45642338535299
TCGA-A2-A0SU,342.778407873701,22.0678238730545,30.3473862877204,6.39259749199801,21.6490652660214,9.36674398515198,34.1682748370204
TCGA-A2-A0SX,221.74859030757702,210.71441894175098,183.120801968611,19.2455579490835,74.6463021911418,45.4215828306141,31.6484541621377
TCGA-A2-A0T0,124.99213706146001,116.375437821928,344.93953609785,0.0,137.878461869444,75.4787167139763,13.547455889184802
TCGA-A2-A0T1,281.73076331195597,250.38931781881402,14.778965046599,39.645615489645,239.751713919963,74.00617366439009,50.0125567767336
TCGA-A2-A0T2,165.652360010808,240.045660896708,292.098093859707,39.4854307782403,20.9514032186658,17.854109315864697,20.657193144530602
TCGA-A2-A0T5,338.55883287888696,21.466834003331698,49.873519106869004,20.833453143457,0.0,0.0,0.0
TCGA-A2-A0T6,342.535467302948,18.420377898854397,50.0027148587144,0.42987621748346294,0.0,4.39026335514469,2.2391019383036297
TCGA-A2-A0T7,241.64316403546601,101.017017843039,176.778693424744,12.9970356700862,85.7407258762931,52.916665298950704,23.3462458580725
TCGA-A2-A0YE,210.84287196684102,250.937050114123,176.65146751008098,52.726368692811604,142.003938295279,46.8146789943483,29.375044717995202
TCGA-A2-A0YF,334.342093409636,99.98353486654351,25.0064691125278,2.2847975503409703,42.957224029241196,20.9046320778926,6.6655366409767005
TCGA-A2-A0YG,232.923690279037,169.918302846307,78.2074882700434,45.889367534896,378.017545654394,170.23217054496,77.90646987164659
TCGA-A2-A0YH,287.52069535801496,75.7612740780908,113.51900470159599,10.079996660621099,47.470795021845504,29.750316233481804,26.235010471425902
TCGA-A2-A0YI,356.48379704431096,44.0372341579888,1.95552594192494,3.0470292530278504,38.1753246372101,17.5086849108494,1.87499055383757
TCGA-A2-A0YJ,229.94118476992998,134.740967776997,152.7831884997,48.268984600477,178.86732608195598,57.18848580394529,48.403826707591
TCGA-A2-A0YK,367.40322718054296,27.6268010844907,0.0,6.617471775507701,4.8096025488958,2.7847470881343104,3.87556487829269
TCGA-A2-A0YL,335.838417365993,38.301266152441,46.0886241576007,0.0,21.0182044961308,12.313009227681599,2.08199586875156
TCGA-A2-A1FV,251.000777042404,185.61629964492198,133.78898766587298,30.6521416890081,72.2694765801332,0.0,40.152460781255996
TCGA-A2-A1FW,224.713471966436,499.504177518655,0.0,161.352113242376,478.770594336887,160.379544439287,233.79475783396
TCGA-A2-A1FZ,349.88133822835294,50.060405219527,25.3814136236767,4.86838808655155,2.40677091025958,0.0,3.7171560141205
TCGA-A2-A1G4,345.190306287997,103.74275826088001,0.0,20.1453365418937,60.8708388891859,5.0835334533704595,40.973556341807296
TCGA-A2-A259,339.57524154195204,35.779780310949604,43.55284191388721,9.86944194139501,23.3364057134996,4.773401653130111,7.4953831812818805
TCGA-A2-A25C,301.647649774417,170.143795336434,78.5875562314685,7.5737122928481195,12.675836326517802,15.3459314207736,18.4200725901834
TCGA-A2-A25D,175.769235736167,36.7318761388912,288.461554864913,0.0,128.239701464945,61.380752549837,25.878109125243697
TCGA-A2-A25F,368.25727527623803,22.154201596264897,0.0,2.18232292655251,1.80025835565478,0.472863655042939,5.85728091526884
TCGA-A7-A0CG,286.776029187851,91.29188918737199,97.8034668509866,20.6749721988276,28.8654078670195,12.7112903483697,12.224619374393198
TCGA-A7-A0CJ,161.211203642914,422.05863346736,127.32671566744101,71.6517396694929,381.85449425292296,141.731591732464,50.8971591875994
TCGA-A7-A0D9,300.29518654119204,181.880094258433,34.0658061709863,56.9449132317653,98.0896521824416,2.26557387616317,112.187582690883
TCGA-A7-A0DA,72.3562475545587,293.853902673365,377.102502906483,0.0,212.976847728228,160.142089866834,19.3568926534392
TCGA-A7-A0DB,334.7820379587,33.0232739285341,61.327112068505,25.5997140560394,0.0,15.9464401917059,0.0
TCGA-A7-A13G,347.301680903146,103.67203453489401,0.0,15.090549799417401,32.873755066950196,0.0,14.179152696378901
TCGA-A7-A26G,249.747711073225,66.7260323399812,186.43104818057702,0.0,35.077826925688896,40.3438243557596,5.88868359760745
TCGA-A8-A06N,279.243076694592,60.565242753868105,144.083060845853,26.7534632683425,3.42270264882048,21.6647246880257,3.46680979101372
TCGA-A8-A06O,272.318971423015,147.94134983950198,115.460955931546,27.4345625344633,16.4113583983602,34.8022821912115,28.1172138171553
TCGA-A8-A06P,362.969538220759,10.453879723019,15.6579423153855,11.1483332389805,0.0,0.979650548776863,0.313758878629857
TCGA-A8-A06Q,197.368474405145,557.520173330676,0.0,85.4242606096358,521.687948087511,115.68203676967501,190.55321950942903
TCGA-A8-A06R,104.97568651924,952.608847763015,0.0,214.785906518366,860.5292552675929,209.131259654637,398.23836460261805
TCGA-A8-A06T,273.800686044803,131.705712229473,123.940353458864,19.037268720274398,36.3723689892205,30.0382982026906,0.0
TCGA-A8-A06U,117.689404188063,797.3817967487289,0.0,168.00746667006902,882.270855067263,324.325786616551,173.05803156491
TCGA-A8-A06X,103.75782612083401,357.40867107014395,274.842383334148,14.621341264602,297.6089665324,68.8516550723808,77.5830296893329
TCGA-A8-A06Y,330.920342278417,94.43742437940429,50.88335362302261,11.420361628012099,0.0,11.220929752329301,2.6105421174892003
TCGA-A8-A06Z,219.01708244561797,396.075353268561,122.907169373972,24.1187045857305,148.083338683954,62.4778336152366,53.2519648757338
TCGA-A8-A075,160.070192194589,198.201454983092,271.829701154597,3.75547327762665,132.188203899661,82.52114700773521,39.9464989598804
TCGA-A8-A076,272.177406993916,143.50859127854798,106.95738701265999,63.2866426230501,67.0194267796352,30.365741953902504,39.351601832153
TCGA-A8-A079,287.399585080768,160.59283059278602,58.735083901712706,69.7193780279679,144.31499139596,27.5140537141795,43.2590050103723
TCGA-A8-A07B,277.324290741692,201.612227553433,41.2903981842554,111.261948285168,157.523683255061,36.4045620410139,99.89339070966079
TCGA-A8-A07E,326.23933622874597,89.7321612960614,21.2866152836871,12.2723695245607,133.110182363674,34.7669160184697,39.1366721080249
TCGA-A8-A07F,339.437021312139,40.664361257584794,49.0596713066965,9.70957653925799,0.0,10.8646483261049,8.078717602178779
TCGA-A8-A07G,195.64316375183498,76.3338273959015,271.072999895389,7.143666672594169,75.4438236466393,61.787467306493504,25.4214470855279
TCGA-A8-A07I,294.24267208358896,276.691050126998,0.0,121.743105487474,205.586763300326,17.295681274296502,148.884823023768
TCGA-A8-A07J,324.648141482079,56.1314890731076,59.779681625306395,18.734347289582,17.8946684077046,0.0,8.429289343358231
TCGA-A8-A07L,97.7270385548649,543.457911864145,293.538800984244,44.4786604655,84.53765821449359,13.3355300083131,54.52830633792279
TCGA-A8-A07O,149.688196728158,248.206575761309,224.01907817125598,35.9179654458855,149.165650451602,71.95791830522231,26.1170437917165
TCGA-A8-A07P,266.41561249731603,141.502444909721,142.984728139796,34.1249177996158,15.4412513708716,6.26739234114519,13.772779679399099
TCGA-A8-A07U,253.923444843656,105.971571266526,165.021619396991,24.3963253388426,25.392188541364604,35.8759575069322,14.2619737627228
TCGA-A8-A07W,233.93677686996003,183.703248259666,149.395613740088,58.031166410736894,107.319042181974,32.9441866067462,78.6318589257976
TCGA-A8-A07Z,272.48745233806403,93.388884774892,149.388994473654,27.4450919885889,0.0,15.755903469203501,6.26119310710117
TCGA-A8-A081,232.847407530834,335.695774578207,109.609386356451,46.446512200781704,115.794707155422,54.352209809416706,63.8871376917115
TCGA-A8-A082,343.57739431657905,57.971275866891006,22.6143801812956,10.158219511156,21.1887710363895,0.0,37.150148257267396
TCGA-A8-A083,345.80752836119905,21.7606732053372,41.3749040005384,16.9783155753578,0.0,0.0,0.0
TCGA-A8-A086,321.561225595195,69.26265577043429,63.8899289936661,22.298748430802398,8.11166824998806,12.407727477433,32.2443972097789
TCGA-A8-A08A,336.888863101479,26.385577658372302,53.87509868883701,8.03137995929926,0.0,0.0,0.0
TCGA-A8-A08B,285.05088659525904,227.612052801555,36.8688854739302,125.720285370512,198.50648778655,37.044224636167705,106.717015771873
TCGA-A8-A08G,260.776870279986,376.46544302421,18.246919439425,37.279268765156104,282.175112506559,91.64432091819022,163.164299984926
TCGA-A8-A08H,345.509879763126,20.7449020417441,37.7757579354155,11.6199986437215,0.0,0.0,0.0
TCGA-A8-A08I,190.663400955508,395.245620358063,137.67361740336702,60.1267814609589,209.75148864362203,63.0629518054942,95.5872479362468
TCGA-A8-A08J,231.519730716301,286.572412083868,51.690767525136394,128.874453487757,359.445174857415,84.5880357229164,224.58304759147398
TCGA-A8-A08L,60.9082743195782,266.896208993012,481.510103441024,14.6159770205687,19.199589800136398,18.771169568934898,21.443322414418798
TCGA-A8-A08O,270.439064831687,456.85644016575,0.0,10.700194907559801,137.968475023168,176.16227870922,50.983280724170896
TCGA-A8-A08P,187.439005691852,509.186208706804,53.2968606045642,80.4536938287999,422.58411801936796,114.474456693883,100.050012360919
TCGA-A8-A08R,79.80106515233379,224.53192333912497,411.457212301484,11.8059813945491,144.652355568012,67.1752360501688,33.315225531881104
TCGA-A8-A08T,258.41731327165,154.902471044746,135.684764004426,36.2747865479361,23.6647288906773,5.7727579428882,56.64487091777929
TCGA-A8-A08X,255.944233977727,153.642414263602,139.991567914023,28.9357518934375,108.968731497474,30.1817188903255,91.96095307083411
TCGA-A8-A08Z,325.288656578347,32.6605421998392,70.1496567720438,7.54463161114331,1.4608929651881999,4.17632265891214,0.0
TCGA-A8-A090,307.330735320405,216.546007141735,51.1148182260318,0.0,17.7006715711387,36.0624754079221,27.8514922533693
TCGA-A8-A091,330.325224653383,153.654710060172,8.729929883051291,52.2844703976038,99.731650846015,20.378958787825198,89.1905200015488
TCGA-A8-A092,315.119774991775,51.4322980114304,84.7420158101052,30.7872827646981,12.6105715586925,14.4989357513396,15.217172494736399
TCGA-A8-A093,308.76850874324697,105.624561334901,84.10915739485479,43.168803633793104,4.841641809592581,16.9642959359017,59.9035021026362
TCGA-A8-A094,207.404415197324,267.85392577806,143.885109587634,7.16282958682286,240.34154254014499,109.307874215038,82.85190959404791
TCGA-A8-A095,369.66042488921096,32.806976513807996,1.3146302876445901,0.343357678718942,0.0,15.805064066835302,5.42386089347962
TCGA-A8-A097,211.32897169517202,246.342879647129,154.694213879532,53.63970747538,175.49000256242698,90.55793991630541,60.6602804564498
TCGA-A8-A099,327.320454368975,72.1844422001587,59.878099620079794,17.1395798258598,0.0,10.426415165916598,2.6222995386685897
TCGA-A8-A09A,174.539543287362,113.79758904411501,296.37242293104,17.8735896122363,72.6890960295557,59.07069243528559,13.067855975885902
TCGA-A8-A09B,282.235536496441,21.1260738335265,140.20063858492398,11.229122944771198,51.81935886473661,45.943450380034896,0.0
TCGA-A8-A09C,272.449991549573,191.664612848125,61.7154053763472,53.0705994171862,174.26293450264401,51.5333774922973,65.4413664165733
TCGA-A8-A09D,270.471437340832,257.595348876734,0.0,115.957745375367,339.219949729228,40.592327188831604,184.080259308807
TCGA-A8-A09G,308.608635593628,80.4893613308372,56.1774359958333,49.496421714963105,81.85122033608259,30.2370332738985,47.6675979691275
TCGA-A8-A09I,241.257926721235,299.442979830149,76.0536260870981,89.86012328751758,260.241597084558,83.379752136777,202.046017484635
TCGA-A8-A09M,163.924596442253,89.9579847058626,320.94425564467997,0.0,88.8833927072555,79.0890234883876,16.9078667146296
TCGA-A8-A09N,132.21176932212902,694.046482471156,156.994906174576,29.786354343394603,151.033932791678,41.5677399393919,53.0377279347423
TCGA-A8-A09Q,191.69554014105898,651.9280389555989,0.0,101.596169661093,546.112673453273,176.323133574221,219.553239602687
TCGA-A8-A09R,317.569844421735,132.091003854431,36.1227089898478,22.5111357882225,100.34977864160801,48.43532182106879,28.8390221772492
TCGA-A8-A09T,312.44856415654203,85.0109572253745,83.2007922156333,8.09256382336272,0.0,15.476362734066901,0.0
TCGA-A8-A09V,350.848364469459,43.028241684085295,17.0431851396372,7.10868380918774,11.801942298083699,0.0,0.0
TCGA-A8-A09W,165.016365433562,149.06354956688298,309.583823102379,0.0,34.9831557175832,13.1599258683851,15.0403991547791
TCGA-A8-A09X,285.297753101661,85.5647305444553,105.31510370043699,0.0,72.9709714202245,51.71260386388,23.251043625643
TCGA-A8-A0A1,307.912167360755,58.700583861153795,94.3969904797492,2.51078093287556,0.0,4.46595580278402,0.0
TCGA-A8-A0A2,297.200224860662,74.5709835091016,108.105762995489,10.681524773260199,8.69548310732479,29.507176122003102,13.0058500299842
TCGA-A8-A0A4,297.428627020502,158.19454334492,78.8555240698811,17.7349608721972,23.5101414929182,38.6169827055475,10.6076607140246
TCGA-A8-A0A6,310.306634775913,100.061033159039,69.41543801443599,31.293828971923105,46.529818522845794,13.1478333989223,51.3679531206384
TCGA-A8-A0A7,341.134175976815,70.7590622757826,8.694315649402268,34.5200611459572,68.3879181057255,23.2455306508217,54.232304194757205
TCGA-A8-A0A9,353.291163870146,70.0494263210018,0.0,51.584808155588505,43.120148433566,14.963067148241198,46.833266995520404
TCGA-A8-A0AB,277.226945620192,180.860832534827,120.225775782273,0.0,0.0,19.794382314044,22.0661991483813
TCGA-A8-A0AD,300.462576528475,407.83735716232496,0.0,191.137579471026,125.632129529293,90.3432785218262,91.32075412127492
TCGA-AC-A23C,277.22961942702597,135.236532835383,50.598996226482,71.5967122965523,273.919114936482,71.36627501938631,72.04455688611071
TCGA-AN-A03X,339.530794958877,80.0580215560741,22.3097583392615,26.1356319577432,51.157765951968,13.858718074604099,12.043366409168
TCGA-AN-A03Y,278.773100509017,100.568088169452,126.25891728444901,46.755172330074,18.651453124262396,18.4726805953016,64.54558801285249
TCGA-AN-A041,274.63067698249597,164.250909017752,104.35600214986799,61.205194468417304,58.42983260847011,26.6606720369198,38.9836878337279
TCGA-AN-A049,244.925523419319,166.581098297769,132.460622282402,16.470261615180398,105.678818163006,26.0299373296339,12.6275101602125
TCGA-AN-A04C,278.319154899668,286.395083119916,13.4412073587609,128.35706767297398,242.060720962271,58.7947484075216,144.897154307706
TCGA-AN-A04D,211.672487706433,130.236423601962,231.305022853156,6.4682024831397,41.3020440628607,13.0789405645297,6.50426001415107
TCGA-AN-A0AJ,187.458341311527,390.68402615984496,77.3669258903271,92.0241773182822,465.05706805362604,83.2815350983761,179.643332231397
TCGA-AN-A0AL,167.981439658227,165.187492238771,317.33215597248,31.2472430738313,13.4393322117238,13.493104520771801,1.61938095112559
TCGA-AN-A0AM,201.035024707594,631.831380200971,0.0,225.384467933925,644.37704812093,139.647099036253,433.47592896291803
TCGA-AN-A0AR,52.258346087241705,899.5130353164329,200.624086502469,148.723917559473,258.46914553430804,5.4999670266634295,0.0
TCGA-AN-A0AS,295.207545059122,246.51435645514098,1.85468233884069,46.408607769818495,184.15293213328098,51.082293942940595,37.9496266773673
TCGA-AN-A0AT,70.9328465543268,648.804884837701,251.25175351792598,16.3663692600982,330.51573317668203,89.6376493901827,10.6974959358814
TCGA-AN-A0FD,283.034913225345,411.73564094635805,10.073784393578698,54.9968674732189,130.79030292339502,46.1581128021068,68.98943424456971
TCGA-AN-A0FF,318.99927252656005,45.6027710728551,76.3457514973914,7.02037364033314,7.9305285407797,4.66957085307212,6.54933858283355
TCGA-AN-A0FK,360.184649787046,56.1309330454566,6.84462501071164,7.150308813532099,0.34042815852658304,12.663551457650799,4.716249055251491
TCGA-AN-A0FL,47.287600172949496,655.4057047801371,284.104743496587,26.1794333773034,197.645232065309,14.3135734229092,32.1920885329161
TCGA-AN-A0FN,360.982449663752,15.414640232839698,15.0481353747762,6.25696185561083,0.608705112786535,0.36042663438945793,1.28321717286507
TCGA-AN-A0FV,230.21742639783298,165.387818459991,125.702849095548,26.4423205431648,233.587689715423,136.900356814212,116.435638540436
TCGA-AN-A0FX,78.51926276826549,255.627403425784,386.911012148436,1.13892995061272,197.784913862033,74.1330279940109,42.209622819114706
TCGA-AN-A0FY,218.00065618076198,282.45737802007596,128.766633901896,63.7733838115479,203.938533550637,59.455155883786496,77.022299526625
TCGA-AN-A0XL,333.613449088962,37.2670433881968,51.096093839970706,0.0,31.826402017638603,20.6150383617383,16.2055057665442
TCGA-AN-A0XN,139.391534567775,456.472912698428,189.82169985909002,14.1641779083375,373.122414700578,176.607168868777,134.05203106688
TCGA-AN-A0XO,286.355036358324,85.53527421625,125.56187394850599,0.0,1.0285104616060898,21.5574057609449,1.3728610299171298
TCGA-AN-A0XP,333.713383492497,43.5551429357163,55.1067465117586,19.5839569783925,0.0,3.35112733979805,6.894061509892629
TCGA-AN-A0XR,315.39899569952803,108.638298403586,51.2022363377154,22.0993583963689,60.004405232823494,3.0714245285942297,21.1431224206898
TCGA-AN-A0XS,336.534775165794,40.441571951756,58.6421926584214,8.06545674892343,0.0,13.660272069681302,5.1728678864336395
TCGA-AN-A0XT,270.78953622095503,329.563001066305,67.3860877402241,33.7228534361873,77.06386534360601,17.9574056645003,40.4421230912827
TCGA-AN-A0XU,31.8242263994064,471.49957552837304,337.355918561991,16.5229702425693,401.379641413162,171.319342259912,4.68418322717485
TCGA-AN-A0XV,326.97412768811404,176.448071043439,0.0,18.3750977100831,159.641627295583,33.8930290009487,71.1263004397674
TCGA-AN-A0XW,280.304108872603,180.845364464849,47.1729160058823,77.88118182662329,195.83631623901297,30.967004032003103,114.711128955271
TCGA-AO-A03L,239.546213076059,384.690098127388,64.00849079810621,44.2965719709389,261.39085912154997,58.2975867788256,76.26772384908979
TCGA-AO-A03N,284.27298121512996,278.834205135635,47.6155019449306,31.3950787308925,121.44617688196399,37.7616319639011,51.8947350175918
TCGA-AO-A03O,155.818324933981,662.094719864094,0.0,174.665602182025,635.084968721416,178.231225025679,149.466618994761
TCGA-AO-A03P,270.434231369965,283.97431439264705,0.0,160.569485807644,383.357401605194,59.94763935034229,266.496737735468
TCGA-AO-A03R,305.01050768880003,44.15774767728029,102.943560651108,3.17734713618192,2.4616936846582003,10.194557305748802,7.110965129125709
TCGA-AO-A03T,247.503286585,51.7375473007333,196.59608853237597,0.0,36.0490610848819,26.677918918692196,15.7739850654724
TCGA-AO-A0J4,111.88363467491301,235.541301428826,355.83386886287497,27.248214325339998,98.9770993496442,58.0319128685245,12.0985867321979
TCGA-AO-A0J6,105.425207507574,386.31711528090403,293.23962758978803,22.9310511273717,235.617993465344,63.5627327926052,54.694440179043504
TCGA-AO-A0J7,349.48195965831496,35.9821919879154,37.1887793596199,5.49158446094704,0.0,18.2237332554128,5.12776610370366
TCGA-AO-A0J8,344.301706711316,38.746944169721104,37.9132597829245,3.04626035641585,0.0,0.0,5.311810084523151
TCGA-AO-A0JA,254.540026991163,177.92715245924998,161.12317104100902,4.04979056766354,0.0,21.242822450161,0.0
TCGA-AO-A0JB,112.02419274759599,322.686975723702,321.639459804666,19.5391607824014,125.062805122105,41.8037785693672,17.2526681227601
TCGA-AO-A0JD,215.570394407891,428.52587096848396,38.963594283186204,56.908784177910206,416.871877239648,116.824880339739,96.75688273748959
TCGA-AO-A0JE,231.427871393285,314.942218768249,77.72790539655401,61.62151586527929,267.780122662576,67.04435290286911,60.5914813164091
TCGA-AO-A0JF,336.96888530302004,42.3227218624559,46.452615196790106,1.03529985097693,0.0,0.0,0.0
TCGA-AO-A0JG,340.273472715816,102.16569880835699,1.9509651988401397,25.1414220263031,103.342733800248,20.8902332973956,45.377516476533394
TCGA-AO-A0JI,297.06550765337,130.690758103505,87.4600594963957,17.2285192565036,17.1676227172707,9.29255093206375,55.348280925407494
TCGA-AO-A0JJ,347.90960421085,21.983157032462,34.3701517668676,0.0,7.49428641018108,7.0464891713032,7.033650048996531
TCGA-AO-A0JM,239.61074608336398,433.336789419243,62.7674514420253,63.8334655064485,186.46683679264498,69.04660145255511,115.012931125992
TCGA-AO-A124,30.3269309209822,678.05381074055,256.66229783553297,105.65097703120199,437.35904101593803,140.099322862072,0.0
TCGA-AO-A125,349.17983137066,24.1236842876878,33.5456590844071,8.04214614765459,0.0,0.0,0.602097428956945
TCGA-AO-A126,280.331424961761,105.380464141504,115.206050980412,11.537559766643698,13.6036515963625,11.472717202339402,1.65357334440496
TCGA-AO-A129,110.417136720531,234.520980558526,305.574795083629,4.5397535677654695,275.416267546135,129.905727696791,24.4460468170053
TCGA-AO-A12A,355.418348932502,38.0644067418885,21.0442738444222,18.025259500199002,1.5222813957616397,9.88995376818712,5.43023840631846
TCGA-AO-A12B,356.64466762621595,40.9386378841759,20.5738150573321,9.56968981333178,0.0,18.357295939714803,0.785507936693165
TCGA-AO-A12D,284.914325385949,267.428465001573,0.0,47.7430506258499,252.430502120599,67.84632307242471,64.8611220760376
TCGA-AO-A12E,268.385378197433,56.5349811562609,158.750510293382,9.55664594348463,16.263553773713,23.4906192102844,26.2096412922431
TCGA-AO-A12F,132.919979424317,514.151722349589,213.240346177434,70.2331137765095,217.4776153452,82.8272245690122,62.8379650300663
TCGA-AO-A12G,284.85352260666303,93.3931169548654,101.988524702666,22.319288784577196,64.7734150348509,19.4574467850178,34.868868660846
TCGA-AO-A1KP,309.70301341434896,76.4191548101749,75.3677347906125,18.157760822958,15.320870641169,0.8352893466877671,47.927369845245295
TCGA-AQ-A04J,168.636950994257,40.970052891376604,310.596366527564,5.989983897819999,97.46307248727291,69.7198677049214,37.894323941675
TCGA-AQ-A0Y5,286.677452549614,214.01713357741002,10.770798387231,89.34668845556959,294.294283938666,76.8916732348063,131.732027375295
TCGA-AQ-A1H3,342.24604394280897,21.694813590672897,47.0538628015065,3.5964445699524905,0.0,0.650463813776407,0.641793917100228
TCGA-AR-A0TP,78.1570099274937,483.844218697985,357.965573630086,37.9463330464771,59.2998174806079,3.6203265234144104,0.770635617602108
TCGA-AR-A0TS,227.061498813872,35.1364436869073,229.898163295368,13.1166224139226,57.235348517686205,53.1099685906775,12.2397483469964
TCGA-AR-A0TT,259.893305965317,360.894542334701,0.0,117.351223907004,346.600095620832,58.956407465053104,114.835457821996
TCGA-AR-A0TX,318.416914323115,196.698436359776,0.0,50.1455323270432,212.46832408031398,43.2630730954181,121.07231063875099
TCGA-AR-A0TY,232.58078557296102,436.238317309123,86.2828853258647,71.8890158058245,133.78342488276598,25.406075001051,86.40309436905251
TCGA-AR-A0U1,129.03274596266002,122.82479425266001,338.554861469358,0.0,187.882322034827,112.03497719698,32.7114519947686
TCGA-AR-A0U2,255.685255329193,155.964937303543,123.74935631865499,42.4120749885487,124.107871943233,47.1911442124649,17.516946204665302
TCGA-AR-A0U3,229.62023910388302,478.701363931741,61.802530049516,50.637840034074706,181.344553551144,51.04431182854999,96.1628004602991
TCGA-AR-A0U4,104.433439614787,126.010915786791,342.30483962143796,0.0,282.184236995505,111.491594293492,92.18377336181169
TCGA-AR-A1AH,180.37670136881698,346.96499585435095,201.796233289821,51.4849104463649,127.452516158198,34.631035703818604,68.3149582760501
TCGA-AR-A1AJ,330.600347157216,61.4123523143832,50.9885655850953,7.12820261289309,27.501880397280303,25.5259850907728,16.8365277387203
TCGA-AR-A1AK,304.863771403518,61.9750848978378,93.1400119414594,12.668738697353598,20.397177127308396,20.465028747141897,6.124082726390849
TCGA-AR-A1AL,351.454097749263,31.1065715658923,22.904035194899002,2.88925986933098,14.193967115317,0.29651981521954807,8.595753687096702
TCGA-AR-A1AN,217.633727669922,136.34740934574302,129.955298208475,9.47293677282986,322.098330822114,98.3906439577763,42.885894036759204
TCGA-AR-A1AO,366.13822603854896,30.6414377964943,0.0,0.11683648400459401,0.0,2.70438036580235,1.6913124425981299
TCGA-AR-A1AR,187.28780423724498,235.015192082789,188.330036576122,0.0,213.92065082460098,135.298316265205,67.4854169832125
TCGA-AR-A1AS,336.165653676265,73.87757125668129,31.468186894519,15.3019133719328,32.7095469509495,6.2963054617289105,11.0654246187013
TCGA-AR-A1AX,348.245803526129,19.855502169103,39.0766863676743,4.49303164358923,0.0,10.083954086717,3.0316632673331703
TCGA-AR-A1AY,181.19318702888302,246.169402827045,259.44654374904997,2.30200204647895,30.964561750818802,37.6249243919705,28.8793618293368
TCGA-AR-A24H,84.67918910238751,312.650493381853,381.24064902863097,9.69909816652562,160.634161525212,73.81767072104691,19.458577457651803
TCGA-AR-A24M,341.829272027851,20.9130936918645,48.293764363170006,0.0,3.18053129393862,7.90389276099048,3.1883301656069203
TCGA-AR-A24O,359.230205702654,16.8826414183889,18.202071857769802,1.27919048708766,5.93369282434484,4.05260060205154,4.05516320472537
TCGA-AR-A24Q,121.336109540226,193.51358136149202,326.727200749811,0.304220902394792,229.97350657888302,83.7626465551952,37.4732726627295
TCGA-AR-A24R,315.35768327707297,265.136777111372,0.0,42.6387557761606,133.352742570614,20.6895776292444,69.0257284944862
TCGA-AR-A24S,260.779607900188,163.58666223399402,107.55550536012,4.1459534136086695,154.481399419126,92.9422272971448,31.128003728369897
TCGA-AR-A24U,309.313317652543,155.160290256766,24.9601813499859,48.5774314994956,112.09492727763399,28.4131929239892,57.574641932165896
TCGA-AR-A24Z,224.95019194863602,485.520046088465,0.0,84.93969106392059,432.169720610968,127.66153317890101,96.3594140061847
TCGA-AR-A252,361.13897450857104,50.9444764712846,0.0,38.784831338458794,48.82126540979429,11.2961359416028,32.3021914382903
TCGA-AR-A254,295.94023427377897,227.622872232553,0.0,66.2864295238135,257.359419050771,54.4627624763824,99.6190651656714
TCGA-AR-A255,245.947604921769,161.280647632542,133.64524161442802,2.8578458213118703,160.072411522808,73.4946315717135,37.3356988634497
TCGA-AR-A256,44.097143429799004,738.5690492789661,166.735043982261,64.21916290800411,589.7717684146739,142.389768425541,64.5425881199528
TCGA-B6-A1KC,288.37178658492803,93.17659015705,111.639201286216,29.2204007017268,5.92532313668496,22.465148061989797,70.58993317505809
TCGA-BH-A0AU,298.020003918718,209.840558577819,33.9176127566964,29.286322631916104,125.85086553281299,59.757449946558,22.7865167209761
TCGA-BH-A0AW,231.261527430766,181.815207553582,83.0385213597355,32.6625348625944,388.88348920826303,174.125965915895,130.806993496021
TCGA-BH-A0AY,295.531624090101,128.385594030605,88.45229896018292,15.125254876015301,49.5119176134004,41.603408749763396,24.7519697648525
TCGA-BH-A0AZ,222.661619004874,14.6282039788454,235.55784269904098,0.0,87.64350718835439,41.3923077583431,18.132872558890604
TCGA-BH-A0B3,106.440371156004,272.796573187722,342.34288432996897,10.2439819573941,131.428688003765,76.005786993422,25.9047966793142
TCGA-BH-A0B5,308.273863617594,58.195228238409,99.86620892078491,10.9680027837531,0.0,21.5515886149934,12.4823664794738
TCGA-BH-A0B7,275.42080565372896,127.611851947033,103.534692446973,12.483974380405801,98.83673813391121,36.4337587983985,46.9404034427755
TCGA-BH-A0B9,124.513628964737,459.30329781646896,185.62245079195,6.736899157775789,294.597739106564,176.50161686656898,63.7463571038457
TCGA-BH-A0BA,222.464263426142,247.244616723848,146.66562499498698,0.0,175.353677586816,110.92985237968,71.81892612088029
TCGA-BH-A0BC,289.535912749524,63.529914775759,113.001511348365,12.879341055699301,34.493824645043304,17.7100346218464,4.24766197184108
TCGA-BH-A0BD,338.064729692326,58.418049064068,35.111090596523,17.269243064470903,16.5844081008738,0.0,46.693546983553894
TCGA-BH-A0BF,259.132311234157,76.6527213028249,139.897054384652,0.0,133.94403592518998,83.40477371410209,25.57446921382
TCGA-BH-A0BG,222.097336252991,82.98151415196979,251.341476634005,8.70213272182178,5.3269304496605,24.120902628484803,13.4276510154071
TCGA-BH-A0BJ,370.314961284038,28.8532913136488,0.0,2.44962573803979,1.3397298719380502,12.0257200090009,5.00829762188184
TCGA-BH-A0BL,123.90647076672701,162.138891032298,358.738486469726,13.491822201991999,137.44468687478098,83.93625390259741,38.0514159382974
TCGA-BH-A0BP,150.302735130986,485.759506649169,67.00982397874171,157.065362149575,560.722718158028,172.46607463383,68.3057025895284
TCGA-BH-A0BQ,342.135869934858,17.7700818352987,46.44806423634729,5.71255911467013,5.98374174967262,3.22659837827022,3.29592718279471
TCGA-BH-A0BR,251.861696949059,342.772519123797,13.4386204478643,46.382539607991504,386.933759050239,135.340444272708,105.502670439958
TCGA-BH-A0BV,336.482469756338,75.81842231295809,36.533434652066,20.115549122197198,5.923495939057981,19.9043562860476,25.2896179315631
TCGA-BH-A0BZ,349.62597340566003,1.2425925631901102,38.659703236945894,33.865342965208605,0.0,9.825434652100109,0.0
TCGA-BH-A0C1,310.107260883366,141.444136945674,69.68811295376571,1.7524586836609,24.8833818190188,34.453949731849605,22.8229267466143
TCGA-BH-A0C3,354.042200001055,15.447784546742499,19.2501040279072,14.627444818977198,0.0,3.21142467309805,38.3430555506153
TCGA-BH-A0DE,334.480124891232,32.201296308207695,59.5627288736231,0.0,16.2402468107661,19.6727961892884,7.378914005642099
TCGA-BH-A0DG,287.20368434988603,243.528937367703,0.0,46.673631847833796,258.357479915182,62.2876263622221,78.2168562643653
TCGA-BH-A0DH,303.625462505474,90.7781982546197,102.400154648615,0.0,0.0,10.1575784877474,0.0
TCGA-BH-A0DI,282.199670518991,199.263410793644,21.3888872215724,39.000962490240504,283.240036603951,60.8289180573205,91.0409857025433
TCGA-BH-A0DK,249.071951198998,104.12601875178301,161.45030614245502,2.71650077551116,72.8511517941726,35.3664995643289,24.8739351184404
TCGA-BH-A0DL,315.523122364779,54.2154243716844,79.1980274665393,10.6323246809072,36.8212075703185,32.522183284174105,17.271820725473003
TCGA-BH-A0DO,332.329097305799,35.249098701645295,59.3695924013989,4.19938539111826,0.0,2.86290140237397,0.0
TCGA-BH-A0DP,358.855259635114,22.8848460477993,19.506902854779,5.93497973902889,0.0,11.1508309570049,0.0
TCGA-BH-A0DQ,226.64476513537002,85.8611868263303,225.267096786364,10.090054531681801,0.0,10.8100829638473,14.3662878013786
TCGA-BH-A0DS,277.83558197233896,58.249663932177,155.229867131281,17.5752479830538,0.0,27.495688314124198,0.0
TCGA-BH-A0DT,358.938976148915,16.087376151801802,20.6644675799078,6.680854126953241,0.0,3.4031593358792,0.0
TCGA-BH-A0DX,248.72784993181702,20.207587984613898,190.491995849042,0.0,78.5633802450815,42.3413594376345,23.5195379176481
TCGA-BH-A0E0,230.136479503168,115.40779659321699,203.896149035621,3.76130551416587,59.387914635727206,45.2602327189899,23.0694771409905
TCGA-BH-A0E2,206.731575669786,449.46917772712095,118.641637893752,79.43919051506721,150.211568945777,60.3638774761061,99.388462263335
TCGA-BH-A0E7,348.542152113809,34.728186401036304,29.5804076336201,14.1651574374749,0.0,0.0,0.0
TCGA-BH-A0E9,359.18615084184,15.1884168444182,21.332658223036198,4.9466518489456,2.7819169245718802,17.8292306314757,8.08043943702474
TCGA-BH-A0EA,357.778065406082,26.5762650321241,18.8835648673012,3.48563981974086,0.0,1.93238371119865,0.0
TCGA-BH-A0EE,276.25875468847903,215.82629041975602,91.08863841966,21.8202768228135,54.988965574055,32.3875729255239,32.6777461308623
TCGA-BH-A0GY,270.53663250210604,153.40715268686898,106.99807651278299,57.958186887897995,72.87851905634,42.639498683580705,39.815146526267206
TCGA-BH-A0H0,336.918357970597,93.52396331352091,32.8202974352702,27.6353306320641,0.0,6.24273274264022,0.437585750931122
TCGA-BH-A0H6,320.708552159542,37.7782781689219,72.9263058555079,18.0727852647962,0.0,0.0,6.0090194467224505
TCGA-BH-A0H7,164.15305960096,839.163649421545,77.7492845641808,6.0666184398342295,201.712532867275,157.786860776769,131.46343634882402
TCGA-BH-A0HI,355.772378208522,73.9253858067787,6.6423967378786095,0.0,5.19330606768786,6.66289473846179,2.5875674860018303
TCGA-BH-A0HK,329.47283652745,82.2920244755683,38.148146447357895,10.6347393068365,16.7146600497875,1.05245974966234,10.161825470459199
TCGA-BH-A0HO,344.70804799428396,38.995683961122104,30.184120898241,3.58295695473032,0.0,0.932396922621778,0.0
TCGA-BH-A0HP,341.336117416287,64.94035531228779,24.001255715011002,9.040749400329348,21.8826256874471,9.201695437133301,2.65274373183874
TCGA-BH-A0HQ,82.836653092323,364.460328023065,0.0,70.6286211134644,0.0,16.0874897280758,2341.24544894437
TCGA-BH-A0HX,226.446976692802,238.078928229271,119.88007004864099,46.4984037630697,202.05373368746,42.650378296481,65.7572185856187
TCGA-BH-A0HY,200.030683944872,268.635791714915,144.266248487329,99.58126101945949,223.98932932248297,41.78400340139729,94.984966395518
TCGA-BH-A0RX,316.432541528998,55.2195862929835,77.8960554070848,10.987119536164501,3.8950943602642,13.817340685481698,6.0952630238981405
TCGA-BH-A18H,288.253531816811,98.9828022764021,98.3324046597809,7.2564416361875,86.6212934240446,50.1338009398745,72.41584307051501
TCGA-BH-A18I,328.020824642493,94.48619927043801,35.7019576129341,50.817576652750596,44.675067279066894,11.836118151142001,25.748797441469303
TCGA-BH-A18S,269.971208671633,156.45991382286002,110.25905069158999,20.603046498517102,37.6349835182597,2.95428703456496,14.8599476436378
TCGA-BH-A18T,117.768467391868,770.008444180073,118.316467564934,121.070187439273,331.426152954367,63.2255217871202,117.19165711825701
TCGA-BH-A1EN,294.326345884969,194.08439775381,33.2806371442309,20.4698356460074,145.953643078803,57.6333891932006,111.42454056395201
TCGA-BH-A1EO,274.82773827497,172.930328667859,98.99994417600941,23.612498172462395,72.9170202226148,23.161506468639104,63.4867566040406
TCGA-BH-A1EU,295.081913206067,73.3672735716172,72.63655940695371,0.0,141.695567816099,75.86298582222341,25.738653852421898
TCGA-BH-A1EW,272.480851923511,150.481392030658,77.7463633652094,24.907346352831897,157.527428880532,53.9254002708893,54.169866978691
TCGA-BH-A1EX,359.172833738836,40.168354974962796,16.8533911194593,14.417734749396,0.0,16.7289606937285,3.02405137571209
TCGA-BH-A1EY,219.93321452019902,355.668592568723,87.9645553241074,32.4749362915243,310.532866911797,129.115906871104,136.24137891227102
TCGA-BH-A1F8,249.074736853803,300.650612320319,120.53621102743901,20.678242102564198,70.75978371647021,16.426069104831,69.1409314447628
TCGA-BH-A1FC,152.17214132271602,317.711200350897,215.66120700891702,95.2785553180405,194.287806108806,85.81749254978509,18.623326646468197
TCGA-BH-A1FD,195.45241200430598,603.966974800559,74.60445389175591,55.38675409225161,186.61753533766202,53.8572170613947,152.481702064273
TCGA-BH-A1FG,335.538086831758,50.0639845949898,42.539789559148005,18.459608255639502,1.4935597120287298,0.0,13.2251631074886
TCGA-C8-A12M,268.174196554953,409.695678918676,0.0,182.957551442628,334.10942488229097,46.7626897984877,226.947576561718
TCGA-C8-A12N,363.22198078076303,16.505464870412098,11.488888781451099,13.5838049304636,0.0,0.0,0.0
TCGA-C8-A12O,256.490110858771,125.05702379826799,148.885523573331,14.346501283996599,61.959078364959495,42.9512314852785,17.636197265889898
TCGA-C8-A12P,228.656425956469,450.68266252068804,0.0,107.005221482226,423.211967183921,174.705912691385,229.702612833679
TCGA-C8-A12Q,180.759144516372,177.968570766181,141.09262801063298,43.0861773936711,423.794922429299,104.69499085966999,102.528778985514
TCGA-C8-A12T,314.520161852114,150.742812283293,18.7050401691947,47.71546801202621,96.0948779050288,12.131464041143401,45.7023104890483
TCGA-C8-A12U,235.92052531149602,420.90568129746697,0.0,199.033455756658,461.54219586619,76.3904317673948,230.73992375327703
TCGA-C8-A12V,348.81862579374,39.2408083270874,30.187064417641,10.637574473567302,0.0,7.60696026334172,0.0
TCGA-C8-A12W,253.508917333062,214.967109367761,111.265871768992,60.1272415095404,97.49000723637761,30.7270324438332,42.4730537002054
TCGA-C8-A12X,330.940715717241,106.59414828422199,24.7842309242752,30.9344302030999,55.8759395013379,19.7845074692419,45.154864212377795
TCGA-C8-A131,296.992890711408,51.6173069593583,116.046196519523,17.804794569138,0.575310668994564,16.8705119898361,9.675675784041259
TCGA-C8-A135,300.09684176244497,190.902312261325,29.4268007113625,31.388813795473197,150.498834000319,50.8318718673658,35.3747828713322
TCGA-C8-A137,246.97827214176002,228.331008894011,83.928926740664,144.949956977353,136.912630418583,16.5232155954349,105.97376854404
TCGA-C8-A1HF,289.50365285029204,219.16715363457402,56.33645406861179,0.0,125.22738909712601,49.5825107068245,65.5811171691735
TCGA-C8-A1HG,257.386857738739,323.23233709641397,22.7260952444872,36.1141488747881,318.625556994036,85.2881162283609,72.1510992325446
TCGA-C8-A1HI,317.424829739298,194.328299624743,8.29311173905027,34.487640820329,155.664593156797,52.4338899236009,71.9063425800382
TCGA-C8-A1HM,207.163869702668,183.27168715210098,171.142561106591,19.088078082714397,205.54918166799303,86.2608178428388,29.654683301736604
TCGA-C8-A1HO,301.733943055815,159.808340911175,44.31046399641129,42.1526135761455,99.8336148535129,0.0,56.7284809463472
TCGA-C8-A26X,259.468747339017,155.683154984118,124.08813910361401,4.18301696620544,119.08412270633801,71.9811150425469,39.531293246289394
TCGA-C8-A26Z,234.223635094644,157.773893064878,148.15182671834802,22.0474940912883,155.083469673616,59.0467196150917,29.018035510573696
TCGA-C8-A273,297.517540188444,207.859861161688,37.7782919036053,71.5026885670348,136.601342174927,14.515756585311902,71.8630941135055
TCGA-C8-A274,292.14511349512003,44.585263098667795,127.357652032584,7.957425178139781,15.769093491853399,16.7110424156809,14.909547339965401
TCGA-C8-A278,308.463764704297,111.673430815378,28.3632855354532,8.051493567410901,169.14390543279399,82.51089170424521,29.5401201287268
TCGA-D8-A13Y,142.22707973432802,303.982220320771,312.639758766799,60.909627925460995,50.3320070533282,10.1786196267391,6.831384944113361
TCGA-D8-A13Z,244.06451470499297,193.661357358245,146.396892482443,19.8552692662616,91.2739573666159,37.2837786910024,29.8341992483996
TCGA-D8-A140,182.492228516833,403.74544016805,88.8213813464754,28.0257273981288,315.692947208946,114.27138359344801,83.1026147310035
TCGA-D8-A143,236.448078614758,94.9009611385355,211.660208469025,14.401574007745099,8.3905052346981,33.0467390968856,50.5759922711029
TCGA-D8-A1J9,282.855034251073,303.634179059406,0.0,22.3593840651783,238.55916474990102,87.83708281512409,70.2422980167982
TCGA-D8-A1JC,263.249334198958,205.661928323125,115.37525851605,39.901455552549294,80.698467105919,22.0585576060757,74.7281023397771
TCGA-D8-A1JD,222.760415754838,130.902282081844,190.826163264138,13.001094883575899,125.526309474268,69.968067217679,16.1723600546455
TCGA-D8-A1JE,321.05598321598,59.8768014081602,78.15649163136119,4.12103424375801,4.84179351480361,24.6305980916756,2.5799844500445
TCGA-D8-A1JF,213.752237903288,130.944575723338,227.86441943141799,0.0,74.36587431309891,58.826955110270504,32.9429031593933
TCGA-D8-A1JH,369.199754694188,19.4101157871607,0.553608543732824,6.324486265153281,0.0,0.0,0.0
TCGA-D8-A1JI,314.999236406867,212.32090470601102,36.833163366985104,29.5248438288918,49.322107709402,19.7075569847326,30.6460347084473
TCGA-D8-A1JJ,245.687132605409,141.223232728633,134.076410791647,14.727971225329599,152.735892234566,84.1005007969963,40.331441952431
TCGA-D8-A1JK,127.910370020068,308.58849268761,273.953382169825,7.80183659488951,194.007393823083,109.682261994346,27.556439680587697
TCGA-D8-A1JL,217.883806170827,115.285575191972,225.632799640568,6.071151673858741,62.618330623290994,44.692717161139406,41.150091822608104
TCGA-D8-A1JM,127.831197406585,381.77981183552595,322.577056225271,3.0263929151761095,4.3643497513919804,11.6081010003574,62.5901045773318
TCGA-D8-A1JP,123.33735648206101,161.980383328645,362.318052629901,0.0,83.67566908028479,56.154726366602205,1.8939673073496202
TCGA-D8-A1JU,348.341126054952,24.3535238433374,37.0753625458512,0.0,0.0,3.0486352847818,0.0
TCGA-D8-A1X5,260.22672288985297,190.31698669965598,68.20872818085529,17.858318405897,296.499092528478,87.08671468617321,92.41150741740441
TCGA-D8-A1X6,363.877420101642,28.5716885236889,10.223692277545698,5.1725351791793,3.24708664786906,7.0089044344135,5.23258221949774
TCGA-D8-A1X7,351.925755320569,30.942348945191696,25.6740804435925,7.45731856832649,0.0,0.0,0.0
TCGA-D8-A1XB,344.098487707649,27.897194710651004,32.418547286806,9.90253867725689,35.9928358456826,23.905884041314202,7.230064538238291
TCGA-D8-A1XF,322.649631587278,136.301531209048,34.3393691029173,32.8360285944143,56.990458792401,21.812257518753,61.5746918445798
TCGA-D8-A1XG,346.119394240543,39.1088242634215,30.2209257787621,24.8080001736983,10.0771705092585,0.0,3.18867986444899
TCGA-D8-A1XJ,267.4193646139,337.358555299529,36.1857391410173,47.819465074090004,194.545154420617,79.89137333084079,79.9570318427368
TCGA-D8-A1XM,349.944716011261,6.375697413280291,37.375697801989105,1.8549330658635501,10.8946293876071,8.66016931366118,1.5759429790715
TCGA-D8-A1XO,329.899703847817,57.469890109742,61.5595828399188,3.51097840107225,0.0,24.1020626876917,18.177197551997
TCGA-D8-A1XR,327.046351753801,56.1660151712084,70.6943760565907,4.2888601981249,0.0,12.034574794110501,3.81324737779517
TCGA-D8-A1XT,141.62381472625,237.001856842672,260.500453337653,25.681938474284802,212.808536384617,108.803631284478,58.4301606205986
TCGA-D8-A1XU,261.326060826001,135.298421055437,155.276680032526,0.0589445964943691,40.3147416486845,36.887584764309395,31.608899116350003
TCGA-D8-A1XW,198.750652568444,85.4420424345065,285.460217790164,0.0,0.0,48.9068815173534,16.4182505662329
TCGA-D8-A1XY,281.635992832887,144.52758365678199,107.55664366574301,14.181701969215698,56.2632814758036,36.855214182306206,14.9249193407354
TCGA-D8-A1XZ,249.331837879811,421.275621253442,0.0,56.305079025686105,385.616901346716,101.80724249788099,133.725399044128
TCGA-D8-A1Y0,175.579667660429,133.586967004641,261.360997525408,0.0,101.614914034164,64.244821678662,6.52258461452333
TCGA-D8-A1Y1,321.971612967444,53.183693040018795,74.1346614175964,8.554113448469911,0.0,13.761594791398098,2.39531785165121
TCGA-D8-A27F,166.075525369287,164.631156602447,323.499508881697,0.0,60.060927826237105,30.2889992644746,25.220570893332
TCGA-D8-A27H,62.82858401062221,307.72762466469504,390.96067567426104,28.5288935653796,179.264075874758,59.017180008346,9.80482331756157
TCGA-D8-A27I,341.697425407181,33.2466697404144,47.411936842948506,3.1787631979231,0.0,10.144733968733801,0.0
TCGA-D8-A27M,175.38753273419601,73.7211864392584,290.60216198364,0.0,117.34597743343399,91.83460308712229,11.94619460181
TCGA-D8-A27N,287.152191506651,219.15236331294,0.0,92.785737167761,240.743765827667,37.7612955321423,126.67386759035601
TCGA-D8-A27T,349.640393916091,100.69587399992201,3.67453166648713,0.0,45.0618717008506,26.1253498569729,8.69023004096616
TCGA-E2-A108,338.622961968136,37.9499268758513,47.64376800035149,7.94746256813841,0.0,0.0,0.0
TCGA-E2-A10A,294.944373986555,344.924314818893,0.0,52.84203237432529,133.235922916811,19.1442386234996,39.15691636346921
TCGA-E2-A10C,341.38281838119497,74.7138972732884,22.019491037153696,39.635781722236096,54.0784525674333,19.1676259440839,27.3018069245428
TCGA-E2-A14N,200.15208632285498,54.8987714821136,265.62609318922296,0.0,81.9530584629604,74.00569068957721,19.0871358613132
TCGA-E2-A14P,89.0766414499607,680.753287347781,0.0,53.6311009066416,990.346393233827,432.11283697218596,113.64165713230899
TCGA-E2-A14Q,303.47037771289797,75.08590822112541,89.306984901707,3.00032612158472,10.2310238873741,14.9789061817523,4.22189231438959
TCGA-E2-A14R,55.6789481271916,572.617475346915,232.175114661679,60.3645665515924,466.567581738169,125.18922846863,44.2998132642645
TCGA-E2-A14T,269.527975714551,242.21354050073398,23.4164543484095,32.9585623671455,338.931938755203,95.7809576674425,64.03155430180489
TCGA-E2-A14V,295.563237400355,223.050612071299,0.0,62.7815144129222,340.198387815054,76.4697026441849,204.797616500886
TCGA-E2-A14X,310.790564503827,98.05675754620029,48.740142058892005,84.38886213512191,69.2020873924918,21.1464000084833,30.914163015489002
TCGA-E2-A14Z,225.92406056912202,262.266852169096,109.09768686139401,24.19299703889,287.904421152292,76.0792408870997,69.1934534177868
TCGA-E2-A150,159.71143542747498,286.886886630483,213.73456643388698,25.8783271965164,219.00994872308,63.388912403677104,92.27743793894001
TCGA-E2-A152,287.701107361107,109.32312936681801,104.457407527011,17.4902042886944,53.2736782071292,27.9533418056851,45.8535150939986
TCGA-E2-A153,364.79886764662,32.4566415392688,10.4431880772729,2.4814780957372404,0.0,12.123759385451901,8.06706895112009
TCGA-E2-A154,345.0449578334299,33.8981894136274,37.721117567002004,5.827582325074281,15.795316266972598,17.5316726320451,5.2609197813726905
TCGA-E2-A155,313.148001809073,331.377549878035,0.0,19.1887511499888,69.8267010863824,23.109390164049803,67.506227136103
TCGA-E2-A156,355.591348881725,40.2617794099103,8.769295423006541,6.17637516201884,15.383690181964099,0.227194794451406,2.86041857452937
TCGA-E2-A158,81.9702350414489,627.197534943131,299.51572965676604,51.3819784542854,124.48405692946599,4.21684986917933,25.6618867251541
TCGA-E2-A15A,177.33181333728803,308.751259420148,142.821463221715,43.7947850211106,359.90260073743104,100.32707198406,90.6964067020655
TCGA-E2-A15F,321.946935986345,180.597694995662,22.2117058632057,29.4637813629352,83.004176630442,22.701547884468898,66.2681691339252
TCGA-E2-A15G,332.38966704751897,70.1903954784115,53.1380186732128,5.26587619831375,0.0,12.380104132258598,0.0
TCGA-E2-A15M,256.345313139291,153.592471647908,112.794555265222,38.76126421234171,151.64100869925102,66.9180758495112,46.1027079418701
TCGA-E2-A15P,319.726490967291,226.53928640972,17.0075890983463,3.9224133416190803,40.6128367413001,45.42188996306871,34.3056187293501
TCGA-E2-A1B0,278.294128651815,287.22974215070997,0.0,49.5870382066347,307.906575058316,103.85567914565,100.74321717489401
TCGA-E2-A1B4,355.290457784738,29.502457893320603,21.361818151494,5.3214108013907895,0.0,0.0,0.6420293170066109
TCGA-E2-A1B5,343.050858420663,53.33616136614079,16.959427503838903,5.56106114213493,67.9272275630942,32.6175595255566,7.69747939670581
TCGA-E2-A1BC,324.320738703152,34.9196037082802,72.8700249839258,0.0,17.5223976736005,11.7514483971632,8.43553092209239
TCGA-E2-A1IG,336.47075442321096,128.702722686807,0.0,25.8001660192562,73.7328702122047,14.1141693714938,33.7663235362865
TCGA-E2-A1II,259.41673977111,99.6706526628709,142.500665325806,0.0,60.0592728381209,102.15356221506799,3.4379401225215096
TCGA-E2-A1IL,313.083703990811,74.0508360220157,79.63180467812509,0.0,0.0,3.6223510156914998,0.0
TCGA-E2-A1IN,288.76102404689897,120.280475809398,103.358478796921,24.061010503625397,30.6051986930831,15.9314976524095,3.88323557058599
TCGA-E2-A1IU,359.959984073634,67.49081040577799,0.0,20.1517160020875,26.1190497981567,1.45300266102117,21.93276734702
TCGA-E2-A1L6,346.579969631809,29.016555149556197,33.801239853832605,0.0,14.1158975433824,6.8849268284565595,7.372700556908691
TCGA-E2-A1L7,133.184292592503,446.18847834242797,280.341737950266,0.7077824732448821,62.202208979604904,28.462178266540104,28.965641703853198
TCGA-E2-A1L9,359.785925700443,32.0385363482654,16.6466214560065,2.89710290079337,0.0,8.06732773871164,0.13332636478970802
TCGA-E2-A1LB,273.10653816717996,118.35769347616001,120.822818804217,17.536723369362498,30.2185455889463,6.39657049587586,43.5953211110609
TCGA-E2-A1LH,155.961746363174,152.461220054483,292.54105953164503,0.7339174130473121,159.865466317495,93.6998953287641,19.4866878826065
TCGA-E2-A1LL,130.082946199979,619.5302788967269,98.7513875502426,37.5859743770704,412.51449509980597,252.86069852081798,130.454249839038
TCGA-E9-A1N4,267.856534114197,175.128770880509,138.242106699863,0.0,0.0,28.1708126948782,6.8067038955290995
TCGA-E9-A1N5,356.187011781708,55.398233700679704,3.87914822180978,4.830913357869361,34.3108908081496,13.7101432536502,5.10208747825588
TCGA-E9-A1N9,211.369475106022,321.197172949309,67.5138443101327,53.823087594795396,342.111910417508,106.25760796218799,102.487238408364
TCGA-E9-A1NA,101.391190976261,856.3309816011971,0.0,89.0750367640414,587.417390307918,264.970549256177,56.768710686556
TCGA-E9-A1NC,153.832314649529,52.5281070451495,323.890478020663,1.01688277898641,172.544164935633,118.961311243697,28.8526907260893
TCGA-E9-A1ND,185.565284437167,64.53083320959311,259.252243516178,0.0,154.482731604261,122.808229958307,33.068398987268
TCGA-E9-A1NE,352.59391201112504,24.7344083231265,26.7323448908148,7.865227007700809,0.0,4.80014964672537,0.0
TCGA-E9-A1NF,226.838297380239,297.56611517465,97.01454203714209,25.1981723575737,240.164837367791,97.693016140159,72.5628106987383
TCGA-E9-A1NG,346.962955238542,13.048562875810001,7.75184062650888,1.3903952194155902,112.066071296861,33.6690301059941,23.598744529759603
TCGA-E9-A1NH,345.277001305277,10.621303343370801,47.5405624365407,8.10777130064693,0.0,19.714717275755202,4.967862082290151
TCGA-E9-A1NI,265.70074193144103,84.75432588063721,153.078104108015,3.1613360172063305,34.1093123457617,30.249572103085498,11.5483213923417
TCGA-E9-A227,363.782487053066,31.097896190438103,0.0,4.97096926454184,11.369147725102401,3.85830320908518,3.7740424800513797
TCGA-E9-A22A,284.72492332397803,140.676652050171,73.9771341551112,27.186764058456898,143.964196635222,36.4439106204529,61.7496800469488
TCGA-E9-A22B,303.71433496728804,185.82420087161802,42.560623080998894,1.5444567938973301,132.072898854709,39.292870309577395,39.829748756427
TCGA-E9-A22D,256.920856674819,337.641049876988,5.0762205333173895,102.444307344819,356.048146815631,88.5823486318121,96.9145266097643
TCGA-E9-A22E,144.657765506515,121.990222434976,336.373117056969,0.0,118.40620457077401,72.2922807155515,17.7896843341483
TCGA-E9-A22G,71.9816678816791,518.640537774219,347.831117147093,5.54459878384248,115.865409740593,20.3358015847021,7.876472499074991
TCGA-E9-A22H,315.78835851300397,42.438655751738,82.014746336956,7.3284307658906505,0.0,0.0,0.0
TCGA-EW-A1IW,324.902275045736,73.3681840342896,34.944718545176,14.449657984458598,81.3474964105218,29.7100591768647,52.795185661247
TCGA-EW-A1IY,319.568850736049,73.9095107106,73.92585863901891,14.748308671359698,0.0,23.957989116188397,0.38664557709735603
TCGA-EW-A1IZ,351.99895315835,34.255619938618196,20.605609954482,2.79774015278301,16.9982219724707,7.06217051717809,1.8840722050663998
TCGA-EW-A1J1,321.335776968419,193.62527623944,38.293963790719204,9.29104200986401,28.608256268899602,19.943087518717398,20.8322332146918
TCGA-EW-A1J2,314.702589471798,25.851241060462197,91.0139128930229,3.9075437078724997,6.93655699903837,6.647859965909849,9.77140439803406
TCGA-EW-A1J3,351.790288901449,84.5914673665889,0.0,29.299129723889102,48.5545469420407,2.37457502768189,43.7483220577691
TCGA-EW-A1J5,312.981375691731,55.4608783164709,80.32445339635571,14.916478321662801,18.5963495719665,3.94642055446688,11.0694436070542
TCGA-EW-A1J6,184.155841420372,340.598348099913,202.68245507147702,28.3910290934795,144.03564370979998,26.7468697556372,76.8567360552638
TCGA-EW-A1OV,287.658306131819,95.7640196313369,121.54309996504101,0.0,17.6589268241351,38.561598357913496,13.036734800775198
TCGA-EW-A1OX,303.211456848755,135.681440616131,56.532410762896795,37.0849177565506,73.5571804176034,0.7325006983630881,47.4391275267736
TCGA-EW-A1OY,247.60091929496897,266.193438632123,93.55246224509371,44.4064096622303,152.222377654928,30.371482847416,13.760380156127699
TCGA-EW-A1P0,314.212044748227,132.574070129506,32.018544003765605,57.36699349936401,52.263356951499205,17.2740276466802,0.0
TCGA-EW-A1P3,311.70402700656797,72.5962921061179,88.4103909854718,3.1441712111715,0.0,7.37381654076223,2.93917469935663
TCGA-EW-A1P4,114.185194240777,325.589343170682,267.237087968243,2.10889767461615,282.52235892307596,90.2642424554117,44.3966070853883
TCGA-EW-A1P5,310.096777794738,87.6836497085009,91.62962920960341,8.84279678977239,0.0,16.760748994074,1.7521229546197599
TCGA-EW-A1P6,337.231046806665,37.9639944833176,48.226980288715104,8.89004567054694,0.0,0.0,1.29114257712039
TCGA-EW-A1P8,222.04997293332002,205.019049063875,194.979948538855,39.7289661834277,66.8870547953739,21.787854889320396,54.2793979305144
TCGA-EW-A1PA,300.736697979491,279.59238854943,2.94350114332422,69.516617888214,171.20881101181,58.114089582444294,76.9373098602227
TCGA-EW-A1PB,88.84191755712308,242.46885385376302,369.08261717676004,2.6659385908936204,207.05022185429698,146.205598322669,21.4636208581679
TCGA-EW-A1PE,345.65103117456,41.030497424349605,34.2303773790942,1.45058979225166,0.0,3.8039771059903598,0.0
TCGA-EW-A1PH,175.561917629782,202.48380197480702,216.557283869606,33.6049522955459,212.755814953191,67.6757299284437,38.326529768751605
