Sample_ID,SBS1,SBS2,SBS3,SBS5,SBS8,SBS13,SBS17a,SBS17b,SBS18,SBS29,SBS30,SBS34,SBS39,SBS41,SBS44
TCGA-A1-A0SB,5.547559163979349,0.16333739604824898,0.0,12.0983473336529,0.0,0.0,0.0,0.0,0.0,0.0,0.0,0.0,0.0,0.0,0.813052243445253
TCGA-A1-A0SE,2.52450213102567,4.0596557366473,0.0,24.916593311981398,0.0141564051358396,0.0616408218038696,0.0,0.0,3.7927599730993395,0.0,3.266996850599,0.0,0.0,0.0,0.0
TCGA-A1-A0SF,8.16267975549374,31.923666458077196,0.0,6.445057429327611,0.0,6.86037226604971,0.155428980830267,1.4186016840127098,5.7191849544471705,0.8254506641734929,7.22013961287621,0.0,0.0,0.0,0.0
TCGA-A1-A0SG,9.901422875419211,1.02506408818994,0.0,25.385151810314603,0.0,0.5157138632527379,0.0,0.0,0.0,0.0,0.0,0.0,0.0,0.0,0.0
TCGA-A1-A0SN,13.2380149395524,6.523568936014941,0.0,22.752190106862603,0.0,15.7046640584089,0.0,0.7459669126094809,3.00812910090518,0.0,5.03889891125629,1.34487735029777,10.0627607448571,3.11873623953653,0.0
TCGA-A2-A04W,16.1520295840726,45.6003333359021,0.0,32.7318571977343,0.0,64.9315279528158,0.0,0.8175517082177909,0.0,4.796956657470321,14.534332610569,0.0,5.8740874283165505,0.0,0.0
TCGA-A2-A04X,5.55224776362085,16.5091882323869,0.0,0.0,0.0,7.9786784133445,0.0,0.0,0.57757481112604,0.7984551112832672,6.06908706094546,0.0,11.602514944893901,0.0,0.117405707530818
TCGA-A2-A04Y,9.649773137430131,2.4440391248752404,0.0,13.6463313648333,0.0,6.33586072562523,0.886953508860201,0.0,9.602631712216759,13.4113441340594,5.82385752350787,0.0,0.0,0.0,0.0
TCGA-A2-A0CL,27.634338819731397,67.4395720219153,0.0,5.98484520149222,0.0,75.2360233620713,0.6535982186351371,1.3497858990170901,0.0,7.11764158980188,1.68544766549694,0.0,14.542093409751999,0.0,0.0
TCGA-A2-A0CM,2.0058837467903303,11.621263904119502,10.829975377583402,0.0,0.0,16.3394452148515,1.03466608268811,0.0,0.0,5.9823534082727505,13.645068075646801,0.0,4.166204688328951,0.0,2.45602714038856
TCGA-A2-A0CV,6.80212762019632,0.0,0.0,8.340193145999331,0.0,0.7919662555561461,0.0,0.0,0.0,5.86241620688436,0.806598807148605,0.274901593982402,0.0,4.26759060412076,0.0
TCGA-A2-A0CX,26.4338818336337,146.238321417728,0.0,10.676382952005099,0.0,114.97235220771799,0.0,1.63148428235315,10.6053719805992,3.1152163514372497,33.0052408097513,0.0,21.461554869125,1.58650695415057,0.0
TCGA-A2-A0D0,14.6083945618237,1.23390440013244,6.559295560254441,22.406292516354103,0.0,7.59012187349075,3.0671818388085,2.9224118244549,0.0,0.0,6.19680854685946,0.0,32.79806936652869,5.12040459380089,3.55813251481136
TCGA-A2-A0D1,14.4565221792497,8.296560058615299,10.738738287084502,0.0,0.0,3.2657186061324706,0.6089777705403149,0.0,0.0,4.28651280323054,13.2231127618168,0.0,5.360860837865809,2.39766997737495,7.46481753863536
TCGA-A2-A0D2,3.4529856048577403,0.0,0.0,13.2333329882616,0.0,8.513991528008619,0.0,0.0,10.5704803069141,0.0,18.2405782945047,0.0,61.090238279183204,0.0,0.0
TCGA-A2-A0D3,17.7769241864007,0.8433385519583242,0.0,10.9671636878218,0.0,0.0,0.0,0.11231963414809,0.0,3.10933263170775,0.77421175116658,0.0,0.0,0.00875023610299576,0.0
TCGA-A2-A0D4,7.185921494610441,1.4198691045508602,0.0,16.9235510320004,6.067267236681699,4.22871691024205,0.8706341102583371,0.0,0.0,5.1157855513748896,0.0,0.0,0.0,0.0,2.58220604000389
TCGA-A2-A0EQ,24.0735762319027,71.77533651972901,0.0,34.2963834717482,0.0,139.495098211095,2.0816352975187997,0.0,0.0,0.0,7.3561059055612805,0.0,31.2946642547925,0.0,6.99655174942804
TCGA-A2-A0ES,4.767620175271531,0.0,0.0,9.53723693009414,0.521127991404261,0.0,0.0,0.0,0.0,0.0,4.99220366158657,0.0,0.28016418902993395,0.0,0.0
TCGA-A2-A0EU,23.431703711029897,1.48712189124113,0.0,18.945652141114103,0.0,0.6622282724989,0.0,0.0,0.0,3.88515887671983,1.3650451847548,0.23032432271541,0.0,2.4677171351372404,0.0
TCGA-A2-A0EV,8.81496872210445,3.1096128040526896,0.0,24.6265167152246,0.0,4.31554791458171,0.0,1.32269777387877,2.3088192949925603,0.0,19.6447711024977,0.5182493850572679,11.468912318049,0.0,0.0
TCGA-A2-A0EW,4.4148847706882695,0.23624040144876302,0.0,12.593729271398098,0.0,0.8749556976278878,0.164058596216825,0.0,0.0,1.4044061917693502,0.0,0.0,0.0,0.838093174037902,0.6240904558923929
TCGA-A2-A0EX,8.62928112739816,3.6983066295986005,0.6244210902121429,0.0,0.0,2.3685162533204,0.0,0.380671437871275,0.0,7.69506283151246,9.06158758023903,0.0,0.521829169442158,2.01679154376707,0.0
TCGA-A2-A0EY,36.6111513913577,115.269852665679,0.0,37.4923613189959,0.0,66.84113918592179,0.0,0.0,19.580796767826897,10.8189456318119,0.0,0.0,2.91040807037594,0.0,0.0
TCGA-A2-A0SU,5.180079634238731,0.0,9.046560135069631,0.0,0.0,0.656480763415235,0.0,0.0,3.4989215953048802,1.4623007626768798,5.94395280041605,2.42436781717612,1.73338553585765,1.41382126729514,1.94637845216791
TCGA-A2-A0SX,7.3941952595397495,2.96159796358361,0.0,7.6000814608934295,0.0,3.35768596523978,0.122329445738911,1.8201343620177002,8.88265482045234,0.0,6.4395369336093795,0.0,1.4858410243697802,1.7774328662074097,0.0
TCGA-A2-A0T0,10.8994234834988,6.897989955835871,24.332077098994798,37.961270757696205,8.18273726778462,5.53086724160086,3.37859611377075,1.131050601631,16.1819903724598,5.36767505721815,4.08845117882074,0.0,64.9268951065512,0.0,23.4565290140848
TCGA-A2-A0T1,9.61593593728306,0.184028355995588,3.19601266758351,14.765894877172,2.08343391799862,0.0,0.8851273844367242,1.2561738988403301,0.0,0.0,0.8636925150068391,0.0,0.0,0.0,0.0
TCGA-A2-A0T2,9.59867490075585,5.40587438261525,0.0,3.23369092417655,0.0,0.0,0.0,1.33285854045887,0.0,0.0,0.0,0.0,15.0451806423799,0.0,0.987689574634585
TCGA-A2-A0T5,6.13107432221732,1.34469129632888,0.0,0.0,0.0,0.0,1.79553854799095,0.0,1.75011686340662,0.36135844779462606,0.0,0.387959342867499,1.24572262073448,0.0,0.0
TCGA-A2-A0T6,13.0365742582501,2.5943823800665498,0.0,6.40710583096843,4.40940209940733,0.0,0.0,0.0,0.0,0.0,0.312153411368364,0.0,0.0,0.0,2.06252207049206
TCGA-A2-A0T7,10.446241837986099,3.1194136714318503,0.0,10.367212266992698,0.0,0.0,1.89761460146296,1.3573559220945,0.0,4.245169194793729,0.0,0.0,1.24247814143468,0.0,0.0
TCGA-A2-A0YE,11.6698577845598,6.37189708794783,0.0,2.7838585122511,0.0014904144779046599,0.5848508464243729,0.33821419948512704,0.0,7.02462849053906,3.6803535027845,4.12576896447809,0.0,2.73295719289954,0.0,0.0
TCGA-A2-A0YF,5.433069963027151,0.804989813085521,0.0,19.2991878017143,0.0,0.0,0.635106896287438,0.0,17.1070611136658,0.0,2.40914095723245,0.0,0.0,0.0,0.0
TCGA-A2-A0YG,14.860282362594399,5.633445501724019,0.0,39.3857630588597,0.0,0.0491470528930074,0.0,0.0,0.0,7.25815701873441,9.89539876362303,0.147513894496564,0.0,0.0,0.0
TCGA-A2-A0YH,15.4423103521733,16.6844862617868,16.8500391764875,8.22741751830042,2.37559980028783,27.8178733360987,0.0,0.0,3.75203311338475,0.0,9.01082902875599,0.0,0.0,0.0,0.0
TCGA-A2-A0YI,2.57835901571998,0.0,6.24155076148989,0.0,3.98271851335405,1.05017853816677,0.0,0.0,0.0,1.14734456698825,3.04458479527538,0.0,0.0,0.0,0.669256778903334
TCGA-A2-A0YJ,21.3077929451267,0.19275865522958102,0.0,16.4224525249491,0.0,2.19625309681468,0.45779364935583,4.04831762975463,2.8479257484362597,6.798363640818749,3.56267231293019,0.0,27.844647027264,0.0,12.272347439643
TCGA-A2-A0YK,17.9564109706244,196.155003307532,0.0,1.2051249179197399,0.0,239.29185200074198,0.0,0.0,10.4451997302801,0.0,22.937390371839104,0.0,7.55477801318498,2.52711498130607,0.0
TCGA-A2-A0YL,5.609896834988789,12.4896064199915,5.0048011377455595,0.0,0.0,11.431159422603901,0.0,0.0,0.0,2.9617410250344998,12.9168933986778,0.0,0.0,0.0,0.0
TCGA-A2-A1FV,14.439935473001801,5.883226822709969,0.0,10.3671211749719,0.0,0.0,0.0,0.0,0.0,2.45497816011824,10.3595641716858,0.0,3.77110067082428,0.0,0.0
TCGA-A2-A1FW,24.0524913233172,0.0,0.0,15.740461468776,0.0,5.07924097529439,0.0,2.77399600192823,15.0406762711256,4.28119717258574,16.959177849297,0.16903201515205302,4.94387949864514,0.0,2.7297460596677405
TCGA-A2-A1FZ,7.4900070900412405,0.655682056195659,2.87045758971943,12.3805383591511,4.68294610926523,0.951179244825787,0.8867127799443639,0.0,0.0,1.3200855468001398,0.0,0.0,0.0,0.0,1.05311438916777
TCGA-A2-A1G4,6.030445601108889,5.67734033792071,2.64936631422907,14.2673767110043,3.91818162951409,3.20506413604016,0.0,0.0,0.0,0.0,1.8347286651245702,0.9141103856592521,4.07211305311643,0.0,0.0
TCGA-A2-A259,5.02592236219003,2.13672866462433,1.8347270015161599,1.63415342950486,0.0,0.536458096995245,0.37711445241051206,0.0,0.9228967866463309,0.0,9.471338829600741,0.0,5.21572889119086,0.6651341572395579,0.0
TCGA-A2-A25C,0.0,1.10213738987646,0.0,11.315597086320698,0.0,0.929339365845873,0.0,0.0,5.68328621193271,20.883140626563197,3.58874310644557,0.0,0.0,0.0,2.87695650649058
TCGA-A2-A25D,7.880784824546599,3.4958827800718906,8.74832787815066,21.965548169517998,0.0,3.0136321535085897,0.0,2.8046394442049,0.0,9.52834839628834,6.30749004455655,0.651719267173389,0.0,0.0,0.0
TCGA-A2-A25F,0.0,0.0,3.74466084642608,0.0,4.4495309534088605,0.0,0.0,0.0,2.9138812623687596,0.32732242792634497,0.318333936795663,0.0,0.0,0.0,0.0
TCGA-A7-A0CG,19.0876262029429,14.4489249017821,0.0,29.3425738643086,0.0,7.71371777909501,0.0,0.0,4.38660027232213,0.0,0.0,1.67234621557126,0.0,0.0,3.9727169692303903
TCGA-A7-A0CJ,19.5997390171255,1.5810170994783703,18.8590044979416,2.34575779267421,0.0,1.80438218672311,0.0,0.0,0.0,5.60280351873218,11.0691306343417,0.0,9.55183464296196,0.0,3.6642925823823704
TCGA-A7-A0D9,3.37724425541592,6.3715110164801105,0.0,3.50682022832764,0.0,1.40480965032309,3.8108396661596604,0.00171453875567796,4.6701869797603,0.0,5.07701537153771,1.15782998896683,0.5497559474961011,0.0,0.0
TCGA-A7-A0DA,10.2314955787527,5.64157228109336,0.0,8.231634577319129,21.2992518871861,0.0,8.54999490280851,1.9978301319275302,0.0,31.5533358677966,15.6597785975919,1.0820320117592401,92.5307798483194,0.0,0.0
TCGA-A7-A0DB,10.808868470760801,10.376086456245199,0.0,18.2453170876326,0.0,8.344957953015049,0.0,3.0475287070969803,7.31325207003247,2.53311047482293,0.0,0.0,0.0366500196346689,2.0284540410662903,0.0
TCGA-A7-A13G,5.97856604427053,7.23436957642218,0.0,0.0,0.16602559765363598,0.745027893642077,2.4147914892631497,0.0,2.5173819430627202,0.0,0.8736188739392109,0.0,6.69896193325312,0.0,7.28850816938616
TCGA-A7-A26G,5.3373887797418496,6.93273458701341,25.7584518540373,0.0,0.0,6.72196155744843,0.0,0.0,7.25205340412469,4.022656089277491,6.93339122797916,0.0,2.2844527955329,0.0,2.4780745512027798
TCGA-A8-A06N,19.672079110774103,0.39765110157393296,0.0,10.1196839643735,1.00981986689054,0.825953816052937,0.0,1.35531573650414,10.9014632689643,0.0,0.0,0.0,2.56872888418875,0.0,4.423489498055241
TCGA-A8-A06O,36.956510324482295,2.99685562327031,0.0,16.498433012490498,4.2201694713032,2.58587545503892,0.0,3.3029115709026198,0.0,8.10208969925105,1.41011065737482,0.0,2.6851725167592995,0.55312962076005,1.78656097577857
TCGA-A8-A06P,11.059207220035802,4.869419039128389,6.4787023299824,5.868503433874121,0.9868908222976459,0.0,0.0,0.4996689882518979,0.0,9.00945843530935,2.38664154627943,0.0,0.0,0.733847685626502,0.0
TCGA-A8-A06Q,23.3796365502111,126.00708503317301,0.0,38.5654675205881,0.0,103.06288651119101,0.0,0.0,0.0,0.5970323919955601,23.577914636866,0.0,6.3749018015747,0.0,0.0
TCGA-A8-A06R,16.9734993889844,6.77519413609415,11.9029669533552,10.119641680093899,0.0,1.87144962915352,0.0,2.9577000430249103,0.0,0.5265374689039071,8.476431920365679,0.0,11.874197016493099,0.0,6.251424740972741
TCGA-A8-A06T,1.1020793957327,1.330328885481,4.40598590579755,9.119454159847198,0.0,3.25341786930034,0.292435954507993,0.106728243249188,0.0,4.69102925325208,4.38898704900238,0.0,0.0,0.0,4.474281215563639
TCGA-A8-A06U,16.8467965116802,4.96616731208558,0.0,52.3650729651579,0.0,13.966933033009,0.0,0.0,0.0,2.55658604051465,1.8993933407473702,0.17512152059506,0.0,0.0,2.3845411250704904
TCGA-A8-A06X,25.683320203084804,3.59911185900223,140.23698812785202,0.0,0.0,3.7443625694381804,0.0,0.0,24.980253839128398,35.0507044037301,7.253515510922611,0.0,13.8659957512956,0.0,4.566312120258081
TCGA-A8-A06Y,9.192702542120221,4.0346404382473,6.09857053742743,1.03495544437832,0.0,2.0785561369397803,0.22761702535140102,0.0882427342810403,0.0,11.771151336020699,0.40103129291483397,0.0,1.00092957512595,1.7688462632629498,0.0
TCGA-A8-A06Z,9.3434938536614,0.9300913835055171,61.4696159583228,0.0,5.62292654366791,0.0,1.86017390346448,3.3553563938831097,13.8378458495015,0.565498537335297,8.369480836495029,0.0,0.0,0.0,2.22272584963412
TCGA-A8-A075,11.028526005359002,15.2230468324508,48.862236466736405,0.0,8.14081262061099,8.73073752008216,0.10067507388652198,0.0949698090277603,0.0,0.842016290550782,9.310797497627881,0.0,0.0,0.0,0.0
TCGA-A8-A076,25.520705855298,6.62617098477658,0.0,23.4333570209652,0.0,3.3579955418108396,0.0,0.0,6.57956925556893,8.058093028050799,7.730955874617809,0.713683692079169,13.0165634645688,0.0,0.0
TCGA-A8-A079,26.4658545437362,0.0,27.4640936090388,0.0,0.0,4.53009358509583,0.0,1.1745682802158899,20.6258543083977,0.0,18.3198305060268,0.0,0.0,0.0,0.0
TCGA-A8-A07B,9.64875931452993,13.9118627897047,0.0,25.5719796736138,0.0,16.3925285278941,1.60617151300048,0.0,10.995618827873399,0.0,2.2982521879723103,0.0,3.0526063055803,0.0,0.984616672810279
TCGA-A8-A07E,6.38191875048389,14.544047147580303,0.0,12.513649820149801,0.0,1.13066119304957,0.0,0.0,1.72281081066998,0.703821964826107,10.8891356411148,0.46936334262235707,0.0,0.0,21.6377390328406
TCGA-A8-A07F,10.4436281482022,0.0,0.0,3.10995359829331,0.331516256581144,0.700781973637625,0.37653121105595094,0.0,0.0,7.021077180678709,10.328315428668699,0.7446714982225748,0.0165671181978216,4.65901396533573,0.0
TCGA-A8-A07G,10.9046509958094,10.1411664143191,34.4653595653147,0.0,0.0,3.0068393262229,0.0,0.0,0.0,9.61591934313735,10.0828525660421,0.0,0.0,0.0,7.01665139018768
TCGA-A8-A07I,17.1307540688074,0.158687811801962,12.7916163550825,1.3298731254904699,0.0751996992691147,6.40359611397704,0.0731670355492756,0.0,0.0,10.304838930453,3.4767532173486204,1.48470718987906,0.0,3.1136661035511,0.0
TCGA-A8-A07J,3.87157229745554,6.1745870612093,5.702493893672219,0.0,0.0,3.4097462038993998,1.5410859882965702,0.0,12.199152496597302,0.0,8.74296798676113,0.0,7.0424688000807,0.0,0.0
TCGA-A8-A07L,7.4625046937830195,0.0,43.5647412188529,3.6827260332238705,5.01604329990739,0.7414571357279821,0.6741177480749351,3.042546704367,5.01468351585308,7.265931204529299,11.7331559373964,0.0,4.28832514284575,0.0,6.08828809000615
TCGA-A8-A07O,15.255934544761699,13.095906202827802,1.97094533462966,4.03154054731164,0.0,1.47521841388975,1.3476126344730601,0.004979001796360029,6.00535260678581,0.0,4.4473355414120705,0.0,4.48335989300865,0.0,0.0
TCGA-A8-A07P,18.9025311321106,3.38001907721483,0.0,17.1310339488874,0.0,0.0,0.0,1.19188664420612,14.808598570011,0.0,6.487329087460671,0.0,0.0,0.0,3.30977930136487
TCGA-A8-A07U,15.4489666097399,8.132849151806719,2.3359093816933703,14.444550947218199,0.646156314974615,15.596361569483198,0.0,0.0,2.35236663947576,5.720257616530371,8.82046383281682,0.0,12.6541240912168,0.0,0.0
TCGA-A8-A07W,37.1618621218976,7.039924812376469,19.6236964548355,0.0,0.0,11.0825737174791,0.0,4.16851422109784,0.0,6.77061187935607,3.5098817517950396,0.0,51.1524700752088,0.0,32.030722541961495
TCGA-A8-A07Z,6.60934491824241,0.37952803341528296,1.7237430048809699,4.64512538815128,0.0,0.0,0.0,0.0335566718996186,0.285463237273784,0.0,1.06203111142259,0.0,0.0,0.0,6.67216202821077
TCGA-A8-A081,30.364808192140604,20.7286395522948,10.801593075667201,37.316522646706794,0.0,22.4826265887179,1.26888933396657,2.50907933854836,13.718611432692699,0.0,2.61385469672574,0.0,6.534135739887691,0.0,3.6814335591028
TCGA-A8-A082,10.2176321869352,0.946571946807782,0.0,0.0,0.0,0.910435249524454,0.127705084200956,0.0,0.0,1.08738972838693,3.92557886530581,0.0,4.59379204975385,0.0,1.95587462432515
TCGA-A8-A083,0.214316649835714,2.03763244775585,0.0,23.537878509890398,1.60500177321529,0.0,0.0,0.0,0.0,0.0,0.0,0.0656725628236901,0.0,0.0,0.0
TCGA-A8-A086,5.79643098238798,0.0,6.7382735153073,0.0,0.0,0.0,0.0759197730387748,1.4521031226153303,0.0,2.69648284531582,2.4822989193176697,0.0,0.0,0.0,4.66460090290641
TCGA-A8-A08A,8.41082195262335,0.0,10.241934070787801,6.1175135989298,2.10125984288536,0.0,0.0,0.0,0.0,0.0,4.14127196318821,0.0,0.0,0.0,0.0
TCGA-A8-A08B,9.257431645875881,18.1311727883476,8.83307676662627,16.204222734475902,0.0,1.38319689794168,0.0,0.0,0.0,1.05099815391879,11.118642441983098,0.0,2.41254963276033,0.0,0.0
TCGA-A8-A08G,12.4437134940531,2.48995017606055,0.0,18.6097948365967,1.1839697919478,1.89448057563562,3.5562021623974704,2.76456450390234,7.58576480937698,0.0,1.00616270854087,0.0,0.0,0.0,9.17266276983608
TCGA-A8-A08H,3.70205463992217,99.8844251254384,30.766215957020602,0.0,0.0,0.0,0.0,0.0,0.0,8.09324337879454,28.7540337415384,0.0,0.0,0.0,1.2649862578328799
TCGA-A8-A08I,9.143646149344221,1.89458401345592,3.33793652714904,21.090993609783197,8.098765988941231,0.8309096397071201,1.2897656957636898,0.0,0.0,2.20839077821207,2.26492647078911,0.0,0.0,0.0,0.0
TCGA-A8-A08J,7.50656265840235,5.03928516012989,0.0,19.690758926418102,1.4172851552781298,2.49071450098287,0.0,2.94914320696114,4.2602348063152595,0.0,0.0496172257713387,0.0,0.0,0.0,0.0
TCGA-A8-A08L,9.76891949484477,34.3255224711473,102.738179604866,2.75447526800439,19.206478488671,75.7303144275878,2.78870066547679,4.25483390909841,10.2611614281552,2.5520870052315696,22.320639116954602,0.0,0.0,0.0,0.0
TCGA-A8-A08O,5.48411668826344,1.6500046441524199,0.0,18.306420825897398,2.76961003146247,2.14089523233648,0.0,1.23438941707704,0.20616033806619297,0.0,0.0,0.0,0.0,0.0,0.0
TCGA-A8-A08P,15.028192918440402,8.488427305285981,1.92738841727235,33.9421462522738,0.0,12.3051105185031,3.4439240162647797,0.0,7.80183037003526,0.0,0.0,0.0,0.811541564147872,0.0,5.005334069494309
TCGA-A8-A08R,25.538038396521802,7.27960338987339,221.17697516432702,0.0,0.0,45.1719205964544,0.20803637152306895,2.18948581335142,0.0,2.03292234704207,14.6493668965999,0.0,11.4085400028126,0.0,0.0
TCGA-A8-A08T,10.2787749053824,1.8339044645732798,0.0,26.0262862025633,0.0,2.20866544403682,0.0,0.0,7.007474934469191,2.8687543709498704,11.0660180093812,0.0,0.0,0.0,0.0
TCGA-A8-A08X,10.3550521645477,0.0,0.0,9.510803309407288,0.0,2.73981163516796,0.0,0.0,5.13220029479366,0.0,7.48615467047309,2.71463249612476,0.0,0.335205492202878,5.73672136820198
TCGA-A8-A08Z,12.525850887583498,5.11197519161054,0.0,0.0,0.0,0.0,2.1000061619911103,0.0,0.0,0.0,3.6354076107571296,0.0,3.56193763249376,3.29793575979863,13.6923319677121
TCGA-A8-A090,10.2230119253009,6.5917271017177805,5.25417479303115,15.381259510747002,0.0,1.13618376760787,0.0,0.0,5.231510580946519,0.0,1.48818138525557,1.26094411906125,0.0,0.0,0.0
TCGA-A8-A091,11.253774759451499,4.56781686078605,0.0,3.73927322318927,1.8338678273167899,1.37640471589247,0.0,0.0,0.0,2.8297012908817,1.8355455172461497,0.0,0.0,0.0,0.0
TCGA-A8-A092,14.8825330462168,27.7129928590352,0.0,23.1394439373435,0.0,16.957801642985,0.0,0.0,0.11654423904527601,5.54885905616291,3.1196385247263505,0.0,0.230822289105804,0.0,0.0
TCGA-A8-A093,24.989152883424897,54.4265432752184,0.0,34.2230560336723,0.0,19.446797203237104,0.0,1.25323181544208,7.04375300560933,1.09148729538235,0.0,0.0,0.0,0.0,0.0
TCGA-A8-A094,15.693391936658498,65.10638935412679,34.452300302076104,35.77381386837771,0.0,72.67521521941991,3.280718808114,0.155278640579029,0.183664571682249,0.0,0.0,0.0,0.0,15.082758829121499,0.0
TCGA-A8-A095,14.156149646017,79.3209388894973,13.051577204696601,0.0,0.0,69.4958252371477,0.0,0.0,0.0,14.425442595559401,8.44418199277456,0.0,12.1976580129211,0.0,0.0
TCGA-A8-A097,7.19656206908128,5.81638548303087,88.3585267936015,0.624130891790459,0.0,14.173686442456999,0.273119480120835,0.0,0.0,10.4368571442081,5.93691239641563,0.0,0.0,0.0,0.0
TCGA-A8-A099,7.38600024333076,0.290427059291282,7.79905491721496,3.55193272218939,0.0,2.55281649569179,0.22178609495303303,0.0,2.78537823541398,3.23764340296364,2.13439706562285,0.0,0.0,3.0481419257195896,0.0
TCGA-A8-A09A,11.6227359069668,15.9379970345435,42.677839427086795,30.104767856296895,52.539620852254,7.74943121026689,0.0,1.06332792347803,0.0,40.5104893958389,24.010996675605696,0.0,35.317994174209296,1.0278706558511,14.688342486605801
TCGA-A8-A09B,13.2132884608449,4.25753238962064,0.186492782766208,11.587963997058699,13.1647153150368,2.7856281537360097,0.0,0.0,0.0,0.0,6.417714819482129,0.0,11.0535780528012,0.0,0.0
TCGA-A8-A09C,8.44228637320971,0.0,3.9380987457734196,28.474491350167497,0.0,0.0,0.0,1.3336945729840701,0.0,0.0,4.19185130724118,0.60478745031482,0.0,0.0,0.0
TCGA-A8-A09D,4.92065845578868,8.14821067433426,7.77686168030964,17.477338168180403,1.3189826739756,0.0,2.73492090766863,0.0,3.0297296645073803,0.0,9.59406001685036,2.00183778196084,0.0,0.0,3.81775004528511
TCGA-A8-A09G,10.836003346414302,129.28181705635,0.0,30.9956876772474,0.0,165.168945622391,0.7732873212847181,2.6508132143514502,0.0,0.0,6.826409019371691,0.0,6.9492746828806995,0.0,1.31816818004232
TCGA-A8-A09I,38.6822839661987,34.5869194035288,0.0,19.068163126586,0.0,40.9555826109622,1.9600815222439398,1.90455304871424,4.71027102743632,0.190640571559068,16.5419495006892,1.69068713840244,20.3448086835912,0.0,3.1180149687901904
TCGA-A8-A09M,14.4298038174145,8.466946472047441,63.071850312806504,2.24229667343544,0.0,1.10332373224738,4.60543389363938,0.00034530701471400095,35.4612058142513,2.23072443955228,2.85666886931354,0.0,40.036799504473706,0.0,5.38147239793981
TCGA-A8-A09N,19.0476829617869,18.0272652186665,0.0,34.4550825765673,0.0,24.028443789882196,0.8517527597553299,0.0,0.0,1.65592411595431,0.0,0.0,7.37513769570299,0.0,0.31850041625991604
TCGA-A8-A09Q,49.475020180138905,6.48524606591351,31.7119529878175,52.0038388072812,0.0,1.7888932879330701,3.95782094671505,2.44317166805221,19.4690821380003,0.0,0.0,4.90984623521253,22.959182352568696,0.0,0.0
TCGA-A8-A09R,13.898998826889802,0.33837234774040503,0.0,17.9472004927216,0.0,1.4981485494453899,3.0379989748308396,0.0,9.878901236729881,10.421806902548699,5.18914355408688,0.869079774435938,18.371512220114,0.0,0.0
TCGA-A8-A09T,6.026547839094611,3.36934312482876,4.00922652110912,0.0,2.13425026858951,0.0,0.8388973839964871,0.0,0.22540235634128797,3.43305183761633,0.0,0.0,0.0,0.0,6.53095702524112
TCGA-A8-A09V,9.517415275033631,0.199648192769096,0.0,0.0,0.0,2.6327639684067403,0.0,0.0,0.0,2.3890835061152402,9.385007705424288,3.0378033165818596,12.759484866208599,0.0,0.0
TCGA-A8-A09W,12.331766103643998,0.49663929996312606,0.0,29.708749926004,8.69364566856192,1.66057952139357,0.0,0.0,0.0,5.73531408467248,0.9134991471889959,0.0,39.8092134826177,0.0,10.7002283483312
TCGA-A8-A09X,17.4389367919173,12.5164709961721,0.0,0.0,0.0,7.29381745166572,1.60206464395136,1.7645217863723701,5.81884155117183,7.454687872520259,7.82452154411883,0.0,4.02747471463698,0.737582676330862,0.0
TCGA-A8-A0A1,19.7978645873839,3.12702436747505,0.0,11.0386073240785,9.72904130450579,0.0,0.0,0.0,0.0,4.67901646699266,9.543812251021,0.25970723369840304,0.0,0.0,0.0
TCGA-A8-A0A2,19.3145206973738,2.95496167612787,0.0,15.0650351412026,0.0,0.0,0.0,0.0,18.728730365201002,0.0,0.531713575851808,0.0,0.0,0.0,0.0
TCGA-A8-A0A4,11.5897614783037,2.10041088845906,5.97166328128289,3.5857586867028397,0.0,0.0,0.0,0.0,1.5690334336253797,3.57774639917068,4.52720889879554,0.0,5.01956195055274,0.0,0.0
TCGA-A8-A0A6,8.14052929298964,4.448006610585661,0.0,6.46310953027504,0.0,2.6554797220439,0.0,1.3956340304751202,3.08279007610605,0.0,9.77091542758034,2.5151664218739,0.0,0.0,5.3040465705301205
TCGA-A8-A0A7,10.1837748790871,150.097869721384,4.257103983177241,20.056537049269398,0.0,58.4255647293185,0.0,0.0,11.5816424015272,0.0,21.1759528248402,0.0,30.5442270855507,4.40818036514981,0.0
TCGA-A8-A0A9,29.270455653477804,5.395138290908929,6.49968007798728,0.0,0.0,9.373278500967599,0.0,0.0,8.24429173038862,0.0,6.6715183847554504,0.614430982513225,0.0,0.0,0.0
TCGA-A8-A0AB,9.18498540233753,0.0,0.0,6.7773597709052895,0.0,3.18685376282439,0.0,0.0,2.6448858461259,0.0,0.8049268459669159,0.0,9.50808912219069,0.0,4.3231233130267
TCGA-A8-A0AD,7.434146677945289,2.53207126506042,5.64437429878708,9.974384191824349,6.715489398355159,0.0,1.2521028574052502,0.0,0.0,0.0,3.78946149571776,0.0,0.0,1.35963521658358,0.0
TCGA-AC-A23C,12.0049048722126,31.0340327501013,37.0680070053102,5.6309526174321,3.1782789061456,19.6358874697323,3.07117286446386,0.0,8.988525506946269,0.0,6.082559428706549,0.0,0.0,3.6217716713195895,11.2951248209746
TCGA-AN-A03X,11.9512045041518,1.6723298236722601,18.6960325410957,0.5552216177371329,10.6974111456636,0.0,0.0599085528442299,0.0,4.5132803597871,0.0,0.0,0.0,0.0,0.0,1.14910131124874
TCGA-AN-A03Y,16.8628103788748,5.876429529934031,0.0,11.4193302508054,2.24535989783079,0.0,0.0,1.47343878637301,0.0,1.3710317974052,0.0,1.3060885476701298,0.0,0.0,0.0
TCGA-AN-A041,10.5147961489313,6.11198281269829,7.765799380756331,2.9946180405116802,0.0,0.0,0.0,0.0,4.580402952649401,0.0,5.33857909247452,0.960575438418249,0.0,0.0,0.0
TCGA-AN-A049,10.087644588640599,1.60003250718942,0.0,15.6187948529521,0.0,0.0,0.0,0.0,3.92221529708367,0.0,2.15329078265684,0.0,0.719503688209891,0.0,1.10662884465626
TCGA-AN-A04C,24.3836031479181,0.0,0.0,33.658083710252,0.0,2.78420184949589,0.0,1.4706752261806002,3.02384298939157,9.19623003838158,16.6763339543439,0.0,0.0,4.124255402580601,0.421340553220698
TCGA-AN-A04D,7.61647062102893,0.0088853977707399,46.83586283012179,10.6709559907272,0.0,0.7930139612417308,3.3471583366843,0.0,0.0,0.0,10.070717677269,1.3218171385488502,21.2700778238618,0.0,9.518253000623519
TCGA-AN-A0AJ,24.948080583099298,5.7977115019206105,0.0,44.325340863126705,0.0,18.0766287158874,0.0,0.0,2.03851649027996,9.12732345534188,4.710220853804509,1.8302526099476102,5.165504308319719,0.0,0.0
TCGA-AN-A0AL,5.166811769746451,0.061134203899452004,49.134580198151596,10.2918648705395,0.0,8.16683167011259,0.0424329844451159,0.27800131813419704,12.887959214963699,14.0442863288641,4.512962009964441,0.0,0.9850677148771959,0.0600557975410691,0.0
TCGA-AN-A0AM,22.1927024680675,5.33005704692181,33.5202272777569,16.6926077564794,8.57312559612332,16.1138389056362,0.0,4.224095755683471,0.0,3.5502924633958597,13.175189768126302,0.0,0.13355083391211,0.0,0.0
TCGA-AN-A0AR,10.4235331775427,0.0,1.8054566144534998,29.084917021434897,37.295157672973396,10.795455455989,0.0,0.0,3.68913409106677,4.47777990256052,11.1659875261713,0.0,36.589070463210604,0.0,0.0
TCGA-AN-A0AS,21.293623770807198,3.6540384099760894,20.2443804296998,0.0,0.0,2.16710223211262,1.15091620717091,0.0,0.0,1.34732360667705,1.04247367648885,0.0,0.0,0.0,1.31757783676243
TCGA-AN-A0AT,6.138429464416929,4.14728854220276,21.9204527037016,0.0,11.1411984796101,6.707616016667741,3.47925975799977,1.33220308423451,2.9596384200304002,8.693884334396731,9.01004144946863,0.58157659868034,37.3676250526419,0.0,25.956281364242898
TCGA-AN-A0FD,8.31406059164566,1.02827199394636,28.126170593257697,0.0,0.0,0.0,0.0,0.0,0.0,1.71158562315633,2.2004776270029502,0.0,3.8164448584518302,0.0,0.0
TCGA-AN-A0FF,7.13955477933312,0.0,0.0,24.060161505528196,0.0,0.0,0.0,0.0,0.0,0.0,1.28802298163156,0.0,0.0,0.0,1.6832287714579197
TCGA-AN-A0FK,15.151206457672698,3.50975483540729,0.0,32.4280888493365,0.0,0.0,0.0,0.0,0.0,4.43496405865073,0.20255656828122304,0.0,0.0,0.0,6.47514674217232
TCGA-AN-A0FL,24.8824984544624,6.106553960492821,32.7183682266105,35.9154980580549,0.0,20.4313307805197,2.48759715730053,0.0858103712300894,16.774734950214697,16.7461160970464,8.42406832394932,1.1165563545228898,30.3785963852347,0.0,0.0
TCGA-AN-A0FN,5.3479884921344905,3.3825334108504803,0.0,13.309409482712901,2.4922981683906804,0.0,1.01267658687508,0.0,1.08534739025278,6.634975076603509,9.234042911449109,0.0,7.19806313982839,1.37739590228443,1.44696189298584
TCGA-AN-A0FV,11.140420255686,28.7791467219856,0.0,17.714364145122897,0.0,18.103556103493897,0.44782456588466796,0.0,0.0,10.162522634100599,12.249676559358498,0.0,8.899128777118749,3.4110114797093702,0.0
TCGA-AN-A0FX,15.9576810878317,0.23070263577152397,0.0,60.13124110700271,1.7691837079241202,2.55124999182731,0.8035061851754829,0.0,12.7992923939727,9.1776321446086,11.0282528635903,0.0,27.6233718688875,0.0,0.0
TCGA-AN-A0FY,23.6286508800876,3.40396276220613,0.0,9.97781434099431,1.46341156071727,0.06934627790575,3.3807875291906804,0.0,5.81803082427535,0.0,6.100547996900821,0.0,8.10742795541027,0.0,1.2423582253871002
TCGA-AN-A0XL,9.979601721181849,0.20913743220323203,0.0,11.288001047785402,4.7806507115503605,0.0,0.0,0.0495069308636796,5.88596378093351,5.924288976610151,5.1652792696596395,0.0,0.0,0.0,0.0
TCGA-AN-A0XN,15.3925518375606,1.03598673091399,74.68583160994001,35.4671701814733,0.0,10.8603452599169,4.265611694519049,3.2188546638707596,0.0,21.978841934755398,7.913886447990611,0.0,0.0,0.0,3.2157996656956804
TCGA-AN-A0XO,6.105208287116,6.69161410427057,0.0,15.571466180624402,0.0,0.9255807505669179,0.0,0.0,0.0,0.0,3.24704655174515,0.0,8.92702454072308,0.0,0.0
TCGA-AN-A0XP,4.68668571204015,3.6461165353427702,5.143290336939599,11.4049401124108,0.0,2.6486575834135295,0.0,1.35003255651908,3.11607423638228,0.0,0.0,0.0,0.0,0.0,1.0884324139741999
TCGA-AN-A0XR,7.0525723522655,3.1755009849262597,9.88802279603202,0.0,0.553670614216035,1.62718832073733,0.0,0.0,0.0,6.174694532528111,7.36016839026976,0.0,3.9804070618305,0.0,0.0
TCGA-AN-A0XS,4.458896975197121,4.42161231200292,0.0,6.98098928615008,0.0,0.0,0.335359145696958,0.19932810602781698,0.0,5.39204475133605,4.38206239027015,1.2544834855293,0.484874876513035,0.0,1.8595471941008401
TCGA-AN-A0XT,9.88884856222126,0.0,4.18297967219617,2.3926639009529502,0.0,0.8410242331784391,0.0,0.0,0.0,0.657789288713954,3.6343526049530297,0.0,0.0,0.0,0.34105284143666403
TCGA-AN-A0XU,15.098292210628099,3.69499983401581,67.11703361688771,0.0,19.552760965207398,11.424547919426802,0.0,0.29085917902183195,11.552224471049199,0.0,8.27276059005119,0.0,7.945634257033629,0.0,0.0
TCGA-AN-A0XV,9.785244643287779,0.0,0.0,9.22646977296585,4.43627934658796,5.96811958342417,0.0,0.0,0.0,1.08221774679204,3.2539213541186203,1.02594110966782,2.43287414280889,0.0,4.4065982616750405
TCGA-AN-A0XW,9.02909683055741,166.545296074119,0.0,0.0,0.0,227.96797295491,0.487739374023939,1.71989198700151,0.0,0.0,16.6954098323309,0.0,15.594452351201902,0.0,0.0
TCGA-AO-A03L,4.746344250629889,0.1306489241014,0.0,7.938370193119449,5.3013055299551395,4.38851378785976,0.0,1.41616448137793,9.15502851041459,0.186108997121257,7.574880579859901,0.0,0.597499123506969,0.0,0.0
TCGA-AO-A03N,16.3363958140073,41.55452988796029,0.0,0.7134762569234309,0.0,38.749244679720896,0.7759145575512031,0.0,7.3250345375144805,4.92462748376124,0.307673217372669,0.0,7.15562470993924,1.62180057249339,15.5451472758895
TCGA-AO-A03O,32.056243606754606,1.73971674445847,5.30021198936711,12.1137121744468,6.7699271644374095,7.03587283397478,4.9990839384532,0.0,0.0,0.437061948414483,2.1253831467584603,0.0995646238851664,25.6856522452,0.0,3.59001601456344
TCGA-AO-A03P,16.9628025946216,4.35199452457316,10.3960026431114,6.792497336374621,0.0,0.0,0.0,0.0,5.7609827063672805,0.829369904826062,12.839087081440498,0.745555360907256,3.8359012274217097,0.0,0.0
TCGA-AO-A03R,8.76109105193524,0.0,11.5343581731165,10.355329774866,0.0,0.246162925538302,0.0388704118106997,0.0,7.6708945547098395,0.0,15.625683870664899,0.0,0.0,3.5271186944169903,1.4186024645954498
TCGA-AO-A03T,8.09365687830146,4.30479447043558,19.5365601049746,32.223755396324,0.0,11.377845150174998,0.0,0.768237199169201,0.0,13.4942938884971,12.3782972750215,1.3708189222879898,7.290689968315519,0.0,0.0
TCGA-AO-A0J4,15.389737488943,6.62914738594393,0.25462202566959197,14.168626954979802,19.9011853245131,42.4149460960768,1.8387753558486999,0.0,0.0,1.37829193785786,8.35256633048942,0.0,37.0419222258898,0.0,0.0
TCGA-AO-A0J6,8.69127950024406,4.96531744523482,0.0,20.5327450252048,4.34729484777237,8.772888003291191,0.0,0.310118002273592,0.0,11.382164082053402,10.436167475582801,0.0,62.1571432632419,0.0,0.0
TCGA-AO-A0J7,4.994364416812389,3.5765084358522703,0.0,6.43504616844913,0.0,0.0,0.0,0.0,2.5235992252590203,0.0198157682753243,7.07206630131058,1.05131880407457,0.0,0.0,0.0
TCGA-AO-A0J8,4.50997214698631,0.0,0.0,13.8757090287765,0.0,0.9701232158792779,0.0,0.0,1.75162279631565,0.44269980440924706,8.28136016310153,1.11178608715867,0.0,0.311911426376989,0.0
TCGA-AO-A0JA,3.63296696993886,14.524538077509401,0.0,0.0,0.0,1.26668982705975,0.0,0.0,5.22066683781543,0.0,4.7713727494323495,0.0,4.528876163530519,0.0,0.0
TCGA-AO-A0JB,4.58183910598138,6.902981757304651,0.0,39.2974094154045,3.5088709528375297,4.72133121582013,1.13679924006248,2.25432552119881,3.2853671686752004,21.669720990864896,23.6779919582805,0.0,7.495851115121701,0.0,8.14935320629598
TCGA-AO-A0JD,23.340724766954605,1.08149038531658,43.1956567816734,9.406193336494631,20.2920111961638,3.6097347779011204,2.4923478125189997,4.62299118642155,8.84221705991174,2.1067626303633897,9.39289429925023,0.0,4.45537399588407,0.0,0.0
TCGA-AO-A0JE,6.83357136326149,12.456227094219802,0.0,15.1642643984634,0.0,15.0789050128299,0.0,0.0,0.0,7.541463715927839,0.0,0.0,0.0,0.0,0.702776698620407
TCGA-AO-A0JF,4.82126324510574,2.9699579469868,7.728290524936139,9.87887498759281,0.0,0.0,0.0,0.0,0.0,0.0,3.73079777154684,0.0,0.0,0.0,1.72972133302124
TCGA-AO-A0JG,0.0,0.737624069618203,0.0,0.0,7.48231784278913,0.0,0.0,1.5171355468289798,2.9520151051004904,0.0,4.56510344036246,0.0,2.20751211133022,0.0,1.1483295349600902
TCGA-AO-A0JI,6.32312604624241,0.0,1.9829457672904098,0.0,0.0,0.0,0.0,1.5285922182640501,5.1517623597375,0.717029147298218,1.91039309419172,1.07677420408372,0.0,0.0,0.554518265931818
TCGA-AO-A0JJ,3.8051990863622898,0.0,0.0,0.0,4.07052790873798,0.124674408024976,0.6948219177102489,0.0,6.733630977363559,0.0,5.51626826616266,0.0,0.0,0.0,0.0
TCGA-AO-A0JM,15.9429878911217,0.7222832705216679,0.0,12.718074591663198,2.8219296467948105,5.2833543335918,0.0,1.7228171833686798,1.33793053032752,1.8737061610283703,5.699638808155401,0.0,0.708357490533482,0.0,0.6337899267734101
TCGA-AO-A124,15.414265341169699,0.265238422026476,0.0,31.552592194193302,7.515892660404919,0.9013410706248229,7.370691545226901,0.27391601547828304,33.0676292729925,0.0,16.4082610631307,0.0,58.2364852326079,0.0,0.0
TCGA-AO-A125,11.826381172850802,2.62491362698375,3.23001916750534,18.282490568893,0.0,0.6793903764575521,0.0,0.0,0.0,6.59992786382599,0.339873926141948,0.0,0.0,0.928051313044527,4.09413511720219
TCGA-AO-A126,9.629240560272642,4.02024228501725,0.0,1.0913720456369,10.3542683524076,0.0,0.0,0.0,0.0,2.45215259389592,0.502099636154733,0.215208836991636,0.0,0.0,1.7770484923190302
TCGA-AO-A129,13.171183891491198,12.943433709856802,23.164360037421698,0.0,0.0,16.2654482203543,3.4057873753150805,3.2995240977972298,0.0,30.997584339139102,3.85452614423146,0.862709144118619,29.7258473067597,0.0,6.26557068158365
TCGA-AO-A12A,6.590809650604559,4.76240463400169,0.0,0.19761256264904398,2.84819677513865,0.0,0.8034286015962622,0.0,0.25380444997247303,0.35503626359742296,0.0,1.96503276522329,0.0,0.0,1.16672843989882
TCGA-AO-A12B,11.5002419353159,1.06661472438514,2.1392448760508898,0.0,9.229612079802891,0.0,0.469366440984515,0.24624973346353699,0.0,0.0,0.0,0.0,0.252350177375613,0.401999555767551,0.0
TCGA-AO-A12D,12.969479919711098,20.0122270809636,0.0,0.0,0.0,8.79950945802675,0.0,0.0,2.11348152385769,2.7898741500136697,17.7155984664747,0.0,7.84403046066095,0.0,0.0
TCGA-AO-A12E,11.2319226506392,0.7925842653295121,0.0,10.4900108393457,2.33556940238854,0.406198836428685,0.0,0.0,0.0,0.0,3.77800119830405,0.0,3.05579415144219,0.0,0.0
TCGA-AO-A12F,11.0368863437621,0.0,0.0,7.900365108687071,1.69559485998037,0.0,0.0,0.24666082245640603,5.5812996347720505,0.0,0.32469834826097493,0.0,0.5453107708397221,4.2911794593892205,8.14212643356962
TCGA-AO-A12G,14.754670218723199,3.44774668611194,8.195373635317768,8.76606583424942,0.0,3.6945984891355597,0.0,0.0,0.0,0.515630588889992,5.84023552680229,0.0,0.0,0.0,0.532472830405443
TCGA-AO-A1KP,8.72565146670529,0.160878196209029,0.0,6.894390761480451,1.43377928070123,0.0,2.18611998128923,1.53508300976927,0.7930670342370241,1.3588870323445001,0.4507301190811379,0.0,0.0,0.0,1.76206533943361
TCGA-AQ-A04J,7.73733279698216,6.71822777962904,48.2773754804871,0.0,7.08746623697492,0.0,0.0,2.35308675860242,2.19082508122715,2.4278438237876605,20.1784188358122,0.0,0.0,0.0,0.0
TCGA-AQ-A0Y5,21.632706571619202,9.82823975100066,0.0,3.82905763994555,0.0,7.7336272261915395,1.3241052780373899,0.0,0.0,4.683137530168519,2.6996247011245096,0.0,18.747427530547,0.0,0.0
TCGA-AQ-A1H3,19.690441463556198,0.0,6.0640562618895695,0.8518265940170409,0.0,0.0,0.0,1.45787899434463,0.0,0.0,0.0,0.0839564631018359,1.5566234941356298,0.0,0.0
TCGA-AR-A0TP,5.980340290615129,3.7248054138952704,33.3197674968917,0.0,0.0,0.7926701617856391,0.0,0.8742387309347671,0.0,9.85548982789079,0.351192599498291,0.0603760671818252,11.0767588019475,0.0,3.6977722590688105
TCGA-AR-A0TS,12.0293945240276,3.4833835127889903,10.9442194612044,0.52472287141401,2.0336184877859598,5.1336577660358,1.67328413965041,1.3067937744617,0.0,16.7603089708746,13.926729932411599,2.69152143804977,18.783000698950698,0.0,0.0
TCGA-AR-A0TT,13.731722442624099,7.16311860696719,0.0,22.0036934473418,6.0947563459852505,3.91170844832272,0.0,1.03418213673288,0.0,0.0,7.0082781982979405,0.208803056565088,7.90163881086097,0.0,1.78769100304918
TCGA-AR-A0TX,18.550153170898604,161.751284596276,0.0,0.0,0.0,177.232527060301,0.0,0.0,0.0,0.0,24.6945957925733,0.0,32.3227890167917,0.0,0.0
TCGA-AR-A0TY,24.9173960508542,2.5194728359070604,5.0131157616324,0.0,0.0,5.75093843764282,7.55155922483035,1.66589009393574,6.846818591815651,22.672547860222398,5.200706315416769,0.0,5.63997380561952,0.0,22.5949679926964
TCGA-AR-A0U1,5.12203659312751,1.91279734211523,77.80667354847921,1.4790747222519698,0.0,9.04198542244222,3.5462318170475,0.0,7.52868476971625,0.9108311121892869,0.0,0.0,0.0,0.0,0.0
TCGA-AR-A0U2,16.176364805218,0.0,0.0,7.759276445737781,8.05718099811141,0.0,0.0,0.0,0.0,4.6041311410644505,4.47378753887833,0.0195558055273721,0.820952695176828,2.40403718854088,11.259030683750998
TCGA-AR-A0U3,10.0284789477643,0.0,0.0,0.0,0.0,0.0,0.0,0.0675392886843389,3.20773938934233,5.569704583183629,10.6891023800671,0.086284890407502,1.36941617889352,0.0,7.432181028098509
TCGA-AR-A0U4,8.07047685909642,14.905874355950502,52.4706841258871,0.0,0.0,31.7732074256751,0.0,0.508370470541386,27.574090849921898,0.0,10.6922256960304,1.8405800261924399,54.729598328697605,0.0,0.0
TCGA-AR-A1AH,12.4526319348479,2.5210260813387597,35.3217826075642,6.2730374038743,2.1817035669763603,5.03284708949358,0.526665445705259,2.05635479737018,30.3027687431455,2.31192506523166,0.0,0.0,7.247334551145659,0.0,12.1195007338497
TCGA-AR-A1AJ,14.6959348770841,16.8462896606847,0.0,12.3329437071065,0.0,8.02866339060783,0.0,0.0,0.0,0.0,0.0,0.6950921811952521,1.8830720205156202,0.0,2.51138722532344
TCGA-AR-A1AK,15.227429652762801,16.3291042838116,9.31290303134443,5.41748207027788,0.0,19.527665964355702,0.0,0.0,6.21117540469883,2.5600093334059,6.3054607343174505,2.3692225942124,0.0,0.0,0.0
TCGA-AR-A1AL,6.28554088958967,3.5773665183218504,0.0,16.670930117954303,4.34658083995681,2.41733391398484,0.0,0.0,1.08723996774163,0.0,0.211198203027099,0.0,0.0,0.0,0.0
TCGA-AR-A1AN,15.257224434325199,0.6731186921095279,0.0,2.4860873286048197,0.0,3.0075038914917003,0.341849674389503,0.0,0.0,2.17149585003933,2.8651889075272403,0.0,7.940314575982491,0.0,0.258417135926761
TCGA-AR-A1AO,12.9223006565385,10.9846208466858,0.0,2.5955413313575604,0.0,7.9452592284595,0.108413736549575,2.97457400881938,0.0,16.5801757450847,10.136617206624098,0.0,55.1466603000488,0.0,0.0
TCGA-AR-A1AR,11.6813338141068,2.1336415250184397,13.5365712523259,2.8888355259389704,12.5749944311908,5.83837749806458,0.0,2.91320016566945,8.03402999397198,0.0,7.17487155283769,0.139963352366114,0.0,0.0,0.0
TCGA-AR-A1AS,5.02911037087406,10.826493339821802,0.0,12.8158749013781,0.0,2.20964359229627,0.0,0.0,0.0,4.71009152101569,0.0,0.0,0.0,0.0,6.53662861595698
TCGA-AR-A1AX,6.424256658907031,0.612956161995197,0.0,16.8680214416152,0.0,0.745994147442654,0.613177602588971,0.0,0.0,3.9634139760038196,5.17718737381492,1.1390469818313798,0.0,0.0,0.0
TCGA-AR-A1AY,16.4107217220071,7.08588901015088,23.5259714902482,1.1709459169393799,0.0,4.76109584781274,1.53631862149535,0.0,0.0,6.79066404200934,7.10850395058683,0.0,0.0,0.0,2.04922760218505
TCGA-AR-A24H,14.7698368776811,5.66987292313197,59.965942607941706,0.0,2.99024723148256,14.3131015275774,0.0,0.0,15.1972245802882,2.6242540072479503,12.1690625591625,0.0,22.765340228411997,0.0,0.0
TCGA-AR-A24M,4.75874252544771,0.894485413852866,0.0,5.397018135356441,3.4873589427773304,0.12917527640890802,1.0172306186068198,0.0,0.0,6.141823170188499,0.0,0.0,0.0,0.0,3.6982256999418803
TCGA-AR-A24O,7.92497846257015,0.0,0.0,15.275935865648698,1.19283140160023,1.05697825554106,1.00590088349867,0.0,0.0952576848664151,2.4620254516366202,0.0,0.0,0.0,0.0,0.45069713927986294
TCGA-AR-A24Q,9.43995623435705,18.5349945702662,84.9795098322039,0.0,0.0,11.559295579532401,0.0,0.0,16.6217875389781,12.3387939104036,10.986165362512699,0.0,48.214817595827704,0.0,17.265446303503403
TCGA-AR-A24R,8.23823871078384,0.989052825314018,4.54657024700487,5.63252276558574,0.0,0.0,0.395636093315858,0.0,0.0,0.703235492083641,0.0,0.0,0.0,0.0,3.8203944463331903
TCGA-AR-A24S,15.9395788293223,5.633464376630629,13.9255946988515,9.20473960005158,4.651791661657501,3.28408134994979,0.7847075123076059,0.0,0.0,0.0,3.91364098678321,0.0,1.3776263577192398,0.0,0.0
TCGA-AR-A24U,9.63616964865365,8.62130177759644,0.0,0.0,0.0,10.6915664432594,0.0,0.0,5.33924642429872,2.4279172661599504,9.65637486428289,0.0336800811682868,0.0,0.0,0.0
TCGA-AR-A24Z,10.255396948428599,3.4683134642766498,10.5966132928796,9.16920887691045,0.0,1.17960738707264,0.0,0.0,4.91858752811215,5.49389930985456,0.0,0.579787779537412,5.0262391055081395,0.0,3.13265358659808
TCGA-AR-A252,5.983262260704781,0.0,0.0,8.223914596387969,0.0,0.0,0.699562800008397,0.0,0.0,0.0,1.29635609775958,0.0,0.0,0.606705993429396,3.7945074353260497
TCGA-AR-A254,13.626310247918598,2.60512953811261,0.0,4.76914980217066,0.0,1.5772638233816298,0.0,0.0,13.9530751713789,0.0,7.55100844367939,1.1396559216125202,0.0,0.0,0.0
TCGA-AR-A255,10.6603330057451,11.586606062615099,0.0,22.1194064630981,0.0,17.4358859536887,0.0,0.0,24.761456283219104,0.0,5.77019239044325,0.0,0.0,0.0,0.0
TCGA-AR-A256,11.9323992412435,11.4281525962249,52.92697981497211,12.7771831071814,0.0,6.71723307176832,2.66538464179303,2.33483625058187,0.0,26.5215941093038,25.938891376670497,1.4067364037491,58.0896042232024,0.0,0.0
TCGA-B6-A1KC,12.949887593122801,0.0,7.37096133948179,0.0,0.0,1.08530761061536,0.0,1.4123249224315,3.69027402358776,6.47787698276188,0.0,0.0,0.0,0.0,1.37891864050515
TCGA-BH-A0AU,6.6088372035202,1.02342745430694,0.0,0.0,3.1580646929732903,2.39197576269316,1.7632676206191298,0.0,0.0,5.84727532758287,1.6176310529723001,0.0,0.0,0.0,2.5111139498242103
TCGA-BH-A0AW,24.0686272050141,48.3571939792161,0.0,1.2697566438378,0.892330927001952,41.3938975767338,0.20751531439167303,4.7996215818447805,0.0,5.685893077579089,24.122301531462803,0.0,33.7261022585553,1.04063402014678,13.5747550576907
TCGA-BH-A0AY,15.7968463437996,6.23472074652318,0.0,16.0027231819001,10.7047972216068,1.5831861606085602,0.010407632147682,1.2639978396276699,8.58770633988072,0.8293391640726021,12.930117485334499,0.24389988521027398,0.0,0.0,0.0
TCGA-BH-A0AZ,4.11626559742575,9.960837616208401,32.440945591184004,0.0,0.0,6.93002628673818,1.5045556833227,1.63411520708621,0.0,7.284002563249559,2.4068402610464,0.5186167756699971,0.0,0.0,0.0
TCGA-BH-A0B3,9.689527433984699,4.5670820923477695,8.63211230733845,4.93349865066316,11.281305341576099,4.874729910239799,0.0,0.0531576663471443,1.91530070673552,0.0,6.32078801196843,0.40980210099247905,0.0,0.6303895381748511,0.41984305902227903
TCGA-BH-A0B5,9.93147477460557,24.9202859225453,0.0,0.0,0.0,35.895788686770295,1.3817429781422401,0.0,0.0,2.7349599590238602,12.5865251541259,0.0,0.0,6.38029971567184,0.0
TCGA-BH-A0B7,9.53308455084477,3.02212080935281,0.0,8.96130859864633,0.0,5.28987614638055,2.9108294774457,1.5781278751652101,2.0747914349221297,7.42472696206476,3.3154050834105497,0.0,6.99058075966773,0.0,0.0
TCGA-BH-A0B9,7.4545720825294195,0.7997267917168429,7.76893370290003,0.0,0.0,4.34056515171598,1.6172870339365102,0.0,4.60498893277146,0.0,8.792727927567391,0.0,5.194867467970861,0.0,0.0
TCGA-BH-A0BA,8.65624239818334,10.4639290070191,3.36615810357257,17.5693482469368,0.0,5.08225418677316,0.0,0.0,2.16302119576002,0.0,1.9336814047334,0.0,2.91409886594585,2.82433212128901,0.0
TCGA-BH-A0BC,12.1802032880004,7.726094663648139,0.0,12.798061368474801,4.78170843036429,2.57920287091076,0.0,0.0,0.0,0.0,0.949760041344645,0.916574754985777,0.0,4.15945655729378,0.0
TCGA-BH-A0BD,4.32291812124818,4.67733563613329,1.22487064358152,25.438730159462498,0.0,0.803060316830895,0.0,0.0,0.0,3.7634587947328995,0.6794561205248161,0.0,0.133346397063727,0.419033935451851,0.0
TCGA-BH-A0BF,6.63944523939311,0.0,0.0,11.516152191152,0.0,5.04849378723085,1.38597437964398,0.0,0.0,1.9720266886239401,3.75749405094696,0.0,4.5267356523747,0.0,0.79344013227512
TCGA-BH-A0BG,5.640987858825281,4.6694702113379805,9.46858825019658,0.0,0.0,0.6764974631000461,0.0,0.0,0.0,9.309613919198231,1.4884915407039299,1.5255969377904999,13.0379572393477,0.0,0.8719747953761842
TCGA-BH-A0BJ,3.24934448712937,0.39148042812720396,0.0,12.5128894076281,0.0,0.0,0.0,0.0,15.7965572284142,0.0,3.82137005716528,0.0,0.0,0.0,1.27311620285603
TCGA-BH-A0BL,11.4411346428849,0.0255938542396554,21.394777648135896,4.50482555063974,0.0,0.0,0.53456883781507,0.0,0.0,13.5251344512638,0.0,0.0,13.3343105742751,0.0,0.0
TCGA-BH-A0BP,32.8320679378302,16.8401447834729,46.09501385495071,17.770083490050602,0.0,28.6295063858779,0.0,0.0,3.1154932419842005,21.5811860363832,25.426915207242498,0.0,7.44307276064386,0.0,0.0
TCGA-BH-A0BQ,7.61638955368548,1.5044192152128701,0.0,3.29128297968706,5.66615175083498,0.0,0.0,0.0,4.605583880468741,0.0,5.0313278250553,0.0,0.0564393319278614,0.0,1.63360844738497
TCGA-BH-A0BR,17.3280486251277,20.422324911657103,0.0,18.2740496178189,0.0,4.64361967509265,0.0,0.0,0.0,7.117970906811019,6.90939986305647,1.0332185505051898,0.0,0.0,0.0
TCGA-BH-A0BV,5.1865247056753,3.15889006789466,3.42296660587062,6.8786576042640695,2.9926456473457,1.66066103893343,0.0,0.282726132586937,0.0,0.0,10.968546099687801,0.11037050997392699,0.0,0.0,0.0
TCGA-BH-A0BZ,18.024864099020103,7.2459196363591305,86.328415222006,5.2244047146099195,0.0,14.304753634265401,0.0,0.875265281261428,38.6682439557227,0.684346303531843,30.356722700279196,0.0,93.7521123585927,0.0,5.741737065496941
TCGA-BH-A0C1,14.8046524852791,6.481759477136941,0.0,0.0,0.0,0.0,0.0,1.460420730552,0.550909635070787,5.65124329356004,8.548998000771071,0.0,0.0,0.0,16.2222538456063
TCGA-BH-A0C3,4.728988506071519,0.0,0.0,5.4073885663353005,0.0,0.0,0.0737683631526554,0.231135841575347,0.20904862001896898,3.04089212418577,1.7868816477562202,0.0,0.507354201717611,0.0,0.0
TCGA-BH-A0DE,11.1860408324091,0.350310774984704,10.4794935667142,2.35113649626239,0.0,0.0,0.0,0.0,2.70287569947542,2.8629953600771296,12.485022752941802,0.0,0.0,0.0,0.0
TCGA-BH-A0DG,3.83802747705765,4.83250382425195,0.0,16.038540431412002,0.0,8.22805699183675,0.0,1.2932559990750199,3.6180309904462202,0.7263629501052029,3.2279969867080496,0.46934794172928707,1.39931621508722,0.0,1.33250333213461
TCGA-BH-A0DH,16.1361751019257,9.095753944638359,0.481493196203897,3.3657338841549103,0.0,2.7058062013663196,2.11903607862537,0.7763206835727479,4.810406046725349,0.0,6.666231752398731,0.323381296744713,0.0,0.7120090384919691,5.70745814063258
TCGA-BH-A0DI,12.085282051479002,10.3179791397062,0.0,0.0804677313554406,4.92000076205841,9.46990027780914,0.0,0.0,2.37927171643932,0.0,3.7735912500252904,0.0,17.2260383044054,0.0,0.963765024476315
TCGA-BH-A0DK,16.367054214614903,4.85918132370991,5.82247010942017,2.30180226526479,9.996863649035081,4.621192187765669,5.3891856555083,0.0,21.0171114762555,0.0,14.3230106893121,0.291160393126586,21.277089423284,12.965545169145601,0.0
TCGA-BH-A0DL,17.3492377267457,11.487652749726601,0.0,13.085862843409,0.0,5.03446520102156,3.5829842867969304,1.58932657776217,2.4340028448579103,5.59668014304978,0.0,0.0,0.0373200981933035,0.0,6.81615282228726
TCGA-BH-A0DO,4.978585673685339,1.6593415804554799,0.0,9.595232742732051,0.0989262731873374,2.53566946486484,0.0,0.0,0.0,0.0,5.086055151586129,0.0,0.6640556798768941,0.0,2.5477878047062403
TCGA-BH-A0DP,4.14518631148219,5.34300405381485,0.0,18.6884313677874,0.0,0.452366383622812,0.0,0.0,0.0,2.4017104094994197,4.824972191581611,0.0,2.2143006615348,0.0,0.0
TCGA-BH-A0DQ,10.3812756671267,0.0,10.4477453662025,0.827478122420547,0.689687865165775,0.891510622319386,0.0,0.0,0.0,5.01101429783362,7.09955879289014,0.0,0.0,0.0,0.0
TCGA-BH-A0DS,22.8111639411569,2.3188937556677,0.0,18.4091372178839,0.6410448000664261,0.0,0.0,0.0,0.0,1.9494397372703098,9.41680079441602,0.0,0.0,0.0,0.0
TCGA-BH-A0DT,6.166267702735309,2.4546866309908904,2.93912163999125,0.0,0.0,0.0,0.0,0.23476183211531798,0.0,0.0,1.77606309943352,0.0,0.7234839072825942,0.83976083611028,0.9287272448331191
TCGA-BH-A0DX,13.3994837779706,26.5876129118965,0.0,0.0,0.0,14.5272069917519,0.0,0.0,11.4919483080094,4.71134661462095,7.442873899229361,1.1472532748534399,1.79703079301837,0.0,0.0
TCGA-BH-A0E0,17.1099477312123,0.19250165730077398,0.0,6.62871438193985,5.60725284903055,1.1377582426128998,3.9367202746629397,0.360214400163264,0.0,0.99913289912803,4.05575243573788,0.0,1.0400060613698399,0.0,0.0
TCGA-BH-A0E2,9.57269532181198,3.0129651619097797,6.63566219931492,14.6887086001469,0.0,0.0,0.332426724961203,1.4693219071474901,7.19140241254647,0.0,16.5985366462,0.0,0.0,0.0,0.0
TCGA-BH-A0E7,12.2084290147052,1.77446515411102,0.288406608846833,18.233460877859102,0.0,0.0,0.12095991645576401,0.0,0.0,6.10647550102888,0.0,1.3883680932231,0.0,0.0,3.30437450833054
TCGA-BH-A0E9,9.505421993808449,1.56592166360302,6.796902457221741,0.0,0.0,0.0,1.1065746670423702,0.0,3.40912360087458,3.14723055138242,0.0882195183202196,0.0,0.441153230184515,0.0,8.208112222645251
TCGA-BH-A0EA,6.8350264123491105,1.38517010115774,0.0,15.1970264341324,0.0,0.97115670386786,0.0,0.0,0.0,0.9889002229272859,6.08034081871673,0.975351137753596,0.0,0.0,2.54472067283872
TCGA-BH-A0EE,27.7854312180689,43.5339590695973,0.0,51.6771642918335,0.0,22.5946223820355,0.0,0.6711103043415559,0.0,8.93552760572004,18.8976781430652,0.0,0.0,0.0,0.0
TCGA-BH-A0GY,11.445716731529,0.8051596776083351,0.0,21.499818225475803,0.0,0.0,0.0,0.0,8.022032974575161,0.139826026277981,0.0,0.0,0.0,0.0,1.47609893323336
TCGA-BH-A0H0,3.6820294615255897,2.7364127334878,0.0,7.40769954104071,0.0,0.0,0.0,0.0,1.25903320331538,5.6034012352693,1.71332271185951,0.0,1.46053749478844,0.0,1.6104820069933798
TCGA-BH-A0H6,9.30162413233456,0.962543686063533,0.0,12.4840431900025,3.84572230463727,0.0,0.0,0.0,0.0,0.0,0.0,1.2093099834221699,0.0,0.0,0.0
TCGA-BH-A0H7,18.085899130313603,6.61930573753238,0.0,32.7246010461431,0.0,9.970598038828811,0.0,0.0,0.0,3.25159596616392,10.587106097835902,0.0,0.0,0.0,0.0
TCGA-BH-A0HI,8.86876290520146,4.45609800032627,2.0762109737413703,9.97973122319782,0.0,1.29142166765209,0.0,0.030521297850762002,5.32796344628295,0.0,4.28847431979471,0.0,0.0,0.0229631210148139,0.0
TCGA-BH-A0HK,26.4656510090206,47.411107940841,0.0,0.0,0.0,27.7260912152508,0.0,0.0,0.0,2.5346128499602796,25.9734788402542,0.0,9.93938643068558,1.00331458481887,0.0
TCGA-BH-A0HO,3.65427068697249,0.562866161360162,0.0,10.5307367183252,0.0,0.0,0.0,2.1237921103072197,3.19901938405203,0.0,3.16737129246529,0.0,0.0,0.0,2.2568138588391604
TCGA-BH-A0HP,19.252284530771398,150.72415003094602,0.0,30.4722649883855,0.0,154.915962537806,0.0,0.0,4.05402900190097,0.0,0.6194799017570589,0.0,0.0,0.0,0.0
TCGA-BH-A0HQ,8.31147139497355,10.1090875827201,0.0,13.391705301967301,0.0,0.6886361706913249,0.0,0.0,0.0,3.4659882237896205,8.77815982159606,0.0,0.0,0.261126923269046,0.0
TCGA-BH-A0HX,8.23125007235338,5.663287623268371,40.4216328780905,0.0,8.4615221227312,3.5101800216272205,0.0,0.0,8.89632892344234,0.0,8.00343738951857,0.0,3.60258911810045,0.0,1.0766001968334
TCGA-BH-A0HY,14.548858757361801,2.7589480096030097,0.0,36.14544004911921,7.199884908813031,3.62565785616697,1.64303074521508,0.8276403726143678,6.2571596687021795,2.79716079081321,7.16443397693093,0.45968821822462297,0.0,0.0,0.0
TCGA-BH-A0RX,22.3596499126189,2.85419884507545,0.0,18.7963444842377,0.0,0.69761420301945,0.0,0.0,2.8597166172584396,0.0,0.0,0.0,1.7308553252931398,0.0,2.66157323475963
TCGA-BH-A18H,4.16873322430074,5.34436542745513,0.0,21.4693616943123,0.0,4.33618267137519,0.5538657374141911,1.2162679153196,3.89425933395167,4.81295673128084,8.06878170104018,0.0,0.0,0.0,3.15087001163244
TCGA-BH-A18I,12.409622570113498,3.826017430696,0.0,14.1161422521259,0.0,1.56983238234199,0.0,0.0,0.8129791823534691,0.0,0.0,0.0,0.0,0.0,0.11797707812168598
TCGA-BH-A18S,3.7037220135030897,0.0,18.7678084165724,0.0,3.77020346114582,2.16732756571699,0.21494876779893,0.0,0.7560353681928541,0.0,1.05490563069627,0.0,0.0,0.0,4.43390829619632
TCGA-BH-A18T,7.30755928064914,4.3328256717321,0.0,0.0,0.0,6.27696637082368,0.0,0.0,0.0,22.424144563070303,9.16307256523873,0.0,44.0806364683502,0.0,12.1457620304211
TCGA-BH-A1EN,20.8275796531262,6.11337751987239,0.0,37.7493772787524,0.0,2.17714945150222,0.0,0.0,2.14335152471488,4.54667291596801,5.017112739040879,0.0,5.9323340653944,0.0,0.0
TCGA-BH-A1EO,23.9607982417663,5.751100269347451,5.182610462852139,0.0,10.267189895702199,0.0,0.0,0.0,0.0,1.1168595846976699,3.36075968483573,0.0,0.0,0.0,0.0
TCGA-BH-A1EU,8.21333888738201,1.1526545168822901,0.0,21.2325232598414,3.96198147050062,0.8578311859680741,1.01387095195351,0.0,0.0,0.328215172787247,0.0,1.1435837728423799,0.0,0.0,0.0
TCGA-BH-A1EW,2.5343009526621803,3.1370054813998998,0.0,8.89354565028252,0.0,0.0,0.0,0.0,0.0,3.8347471076499904,3.4236300541773304,0.0,0.0,0.0,0.7215278702594009
TCGA-BH-A1EX,8.90861219045229,0.0630792160224331,0.0,21.2983609359851,0.0,0.0,1.34842747672708,0.0,1.08428083190939,2.283020788201,0.0,0.0,0.0,0.0,0.0
TCGA-BH-A1EY,9.90892438086299,3.9439490563049304,0.0,13.2217105916677,0.0,10.4784231976121,0.928604360996664,0.0,0.0,5.0019337237285,4.64748545513542,1.18754071605852,2.1838781945803003,0.0,2.03471616361874
TCGA-BH-A1F8,16.5315860154172,71.4126070672931,0.0,14.677344703338001,0.0,46.018977441431396,0.0,0.0,11.2951307166097,0.0,13.9614282689119,0.0,13.456397452865698,0.0,0.0
TCGA-BH-A1FC,24.001327037631803,15.0462187077566,23.6036126783538,0.0,0.0,17.4771257619044,2.50570896041607,2.9630120229087105,0.0,9.33847905626081,6.467329933685059,0.0,15.4958394034741,3.88126436996719,7.83142548568765
TCGA-BH-A1FD,6.712406206118879,0.0,0.0,28.7431589221992,0.0,0.5953791617597789,0.0,0.0,0.0,4.15563001015782,0.0,1.43611228297434,0.0,0.0,0.0
TCGA-BH-A1FG,7.2487705148794905,0.46227062182659795,5.494777256449,0.0,0.0,0.669032190828913,0.0,0.0734379590938948,0.0,0.398455457137107,0.5593396819953521,0.0,0.0,2.28010095166089,5.43630466913992
TCGA-C8-A12M,22.0894995024098,0.0,12.2894109862167,21.921777051261202,0.0,0.5629895594877711,1.66003752314115,0.0888896071552535,6.472214030358219,0.0,7.72028154111448,0.0,1.72673432755042,3.8413139025799703,4.75728018715053
TCGA-C8-A12N,8.39856879025355,0.785123840889004,0.0,0.0,0.654448013849703,2.91613633321491,0.7352771173949141,0.0,3.59354053514569,0.0,1.4724069685792198,0.0,3.3051969006723603,0.0,5.32705189441647
TCGA-C8-A12O,20.5694338123601,1.85320278597616,0.0,12.0180359325292,3.92217957854493,0.674316422061679,0.0,0.0,0.0,1.70511514496088,4.97978352903347,0.0,2.09136462761356,0.0,0.0
TCGA-C8-A12P,22.7534496436547,49.1927571994574,0.0,14.0708390157338,0.0,52.5271173853326,8.10382828799888,1.21546390092626,2.46417181630652,9.7626515199759,15.1559971676175,1.1725420208284298,19.933112052007,0.0,0.0
TCGA-C8-A12Q,10.0272257927632,38.3828106066668,0.0,22.849487564986802,0.0,38.14861168982,2.8369269321271604,0.0,5.55258744681738,11.509847519888401,9.940428382213812,0.0,0.0,0.0,0.0
TCGA-C8-A12T,18.084625685734,71.75316623564869,0.0,0.0,0.0,92.3253604743005,0.0,0.0,5.061009176108111,0.0,19.9501414445883,2.28312544586549,10.8534767897826,0.0,0.0
TCGA-C8-A12U,17.8697492062579,2.9197001080567206,1.9507877619219398,13.2429424524704,0.0,3.9685846912422997,0.0,0.0,0.0,2.59992880476864,5.85303231848625,1.02340044815503,9.761493341907721,0.0,0.0
TCGA-C8-A12V,5.9597604085113005,1.67887677707848,20.8036614201949,0.0,10.3243179771922,2.1948694808438103,0.0,1.71360053607625,0.0,0.0,0.0,0.0564731631602578,0.0,1.7618679224065101,9.95901749263623
TCGA-C8-A12W,35.6993973968962,0.986441264141243,9.345642022396552,14.7223222112589,0.0,2.63946686433548,0.0,0.0,0.0,6.263428494302469,1.86345642684551,0.0,2.7328701245792,0.0,0.0
TCGA-C8-A12X,18.306424101921397,0.0,0.0,27.635493387720004,4.8655622218293395,2.02602421278332,2.6398361559061203,1.3424049411955299,0.0,6.100146443178541,3.81178344077443,0.0,0.0,0.0,0.8207350063853951
TCGA-C8-A131,11.236163898329101,5.89422059941211,11.8900239408109,16.5172509680315,2.59036396024838,0.0,0.292296501627698,0.9666535388990909,0.101196977787253,11.8679917347715,10.746775780368099,0.0,0.0,0.0,3.80959838566089
TCGA-C8-A135,26.785636879194,3.43920254159077,2.78171307960818,10.501409537586499,2.9091059755137496,4.57931511283428,0.6689960339486128,0.0,2.8036245797334702,6.66792370074705,0.0,0.0,4.6017357899926505,2.85975141648252,8.53347481113045
TCGA-C8-A137,13.6925677745596,10.8452400971423,0.0,0.0,5.34011027698149,15.7200199533741,0.0,1.55376395034947,0.0,1.0752019771490502,9.44389223364651,0.693103568559132,0.0,0.0,0.0
TCGA-C8-A1HF,4.88302724751968,6.25405415447394,0.0,13.1878475895234,0.0,4.56051300877643,0.0,0.0,3.7098092819131203,0.0,2.9404512531183795,1.01132211939602,3.0652502777099104,0.0,0.0
TCGA-C8-A1HG,22.794275143965603,3.3129191985336397,2.74048966499244,25.560951398263,4.44979409864821,2.5789828130598598,0.0,0.0,0.0,2.18650082472756,5.533483743737709,0.0,2.40063104109606,0.0,0.0
TCGA-C8-A1HI,22.022830438319396,8.12622348023031,22.101859057888497,0.0,0.0,6.822538663031531,0.0,0.0,2.89949516221719,3.04516174679785,3.8888955271922203,0.0,5.612603061607139,0.0,3.34338836238838
TCGA-C8-A1HM,27.617517745061498,118.35495252064,0.0,25.204818670994396,0.0,215.133517822652,0.0456407709428318,0.7261970379415209,0.526437263136606,19.236695915238897,26.0220367216201,0.0,30.3381720078584,0.0,0.0
TCGA-C8-A1HO,8.52290171846915,7.27146887899547,11.6109488886991,0.0,0.0,3.74108785108793,0.0,0.0,8.806328687142301,0.0,7.68237087351351,0.0,0.0,0.0,0.0
TCGA-C8-A26X,14.3273762423388,0.5789900469695171,0.0,23.8645000240309,0.0,1.8971548008466799,1.4853204677384901,0.0,1.81135148522574,18.8359141280273,10.1436338429521,0.8470193255958879,3.9335662243434197,0.0,0.0
TCGA-C8-A26Z,18.4651192670526,0.0,0.0,2.24223323228102,1.6229471932042399,0.0,1.5966409815932199,0.0,12.8652622759792,4.20203306692856,7.88715309589132,0.0,8.10049990835712,0.0,0.0
TCGA-C8-A273,8.48429609064184,0.0,7.12109887288226,0.0,0.0,0.7508014352494341,0.0,0.42451489416648797,3.4072736252925098,0.0,3.88034432199575,0.0,2.8619737572790003,0.0,0.0
TCGA-C8-A274,18.341666121662602,111.392271861636,0.0,13.711624171633,8.30298828851331,84.4118674997761,1.08255863958854,0.0,3.10540764358789,24.2156737762459,0.9438941839958159,0.0,7.51476633884609,4.6142509912835,8.16160978113561
TCGA-C8-A278,11.699197940675,6.7292399167417,0.0,8.11418562026284,0.0,4.92157267700588,0.0,0.0,2.7078317862560497,7.018485518883249,0.470409145273622,0.531338681161812,11.661411208067902,0.0,1.00203516307492
TCGA-D8-A13Y,10.839345777421201,9.04273805136531,0.0,15.7555329634459,5.26220278636841,9.27559780930376,2.3774161643086003,1.66413917203305,0.0,1.78046586261148,13.751482689364,0.0,8.506371709962519,0.0,0.0
TCGA-D8-A13Z,17.949653664708897,2.4503199161391,1.68813665988974,10.207541287844599,5.94449647903491,8.759974348318138,0.0,4.03893902899212,3.02433489600762,3.1144896414472596,5.01455889576678,0.0,40.5914930813588,0.0,3.95179924068986
TCGA-D8-A140,24.3578067993713,18.407466987958898,2.8326811672890497,14.384795499375999,0.0,3.52641508580786,0.9800355746181801,0.0,0.0,28.9486231259601,24.0744033131322,0.0,0.0,7.25476038098501,8.33795657490053
TCGA-D8-A143,13.3569066302596,0.520380107284566,0.0,0.0,13.9782232677234,0.0,0.0,1.21729303182503,0.0,7.44569535520101,11.2614068678846,0.0,16.4082511843212,0.0,0.0
TCGA-D8-A1J9,13.1229802994835,100.310419965073,0.0,0.0,0.0,103.996838703682,8.21255043426236,0.9390575227006771,25.0132269139335,0.0,13.8698768854932,0.0,10.386581220922698,0.0,0.0
TCGA-D8-A1JC,17.3409127550405,29.9842244075142,0.0,8.70399952239239,1.31955972768249,32.1282233691168,1.67860167077701,0.0,0.0,0.0,13.6403891249529,2.1974384798377,11.708422545325199,0.0,0.0
TCGA-D8-A1JD,9.054038875899769,9.901301398456429,70.0179964711219,0.0,3.3192862871317597,10.699546397994302,0.0,0.30463801540226804,0.0,11.364836896439499,0.685031984214011,0.0,0.0,0.0,15.3466329146526
TCGA-D8-A1JE,10.0497949827403,1.5767119270348502,3.55757896724998,8.23246883825171,0.0,0.931212398494367,0.0,0.0518955195029925,0.0,9.47888338298937,0.0,0.0,0.0,1.3339318915079699,2.75352829307723
TCGA-D8-A1JF,12.0229125332653,2.40679920741146,0.0,12.429483079479802,0.0,1.3856765449834698,0.0,0.0108729476054477,0.0,0.0,3.5360254855004305,0.0,6.971036265788749,0.0,10.8896309894349
TCGA-D8-A1JH,3.56960875580827,1.13874614526581,0.0,19.8234578305663,0.0,0.0,0.88885245017929,0.0,0.0,2.9893331543049197,0.0,0.172904770880519,0.0,0.0,0.0
TCGA-D8-A1JI,5.49252033686715,0.0,1.7409294575846201,8.043647574401769,0.0,0.0,1.49908578766386,0.0,1.57242066548129,5.539532671054469,13.1166793013325,0.0,0.0,0.0,3.60248204938925
TCGA-D8-A1JJ,13.482805352467999,26.233240753944003,0.0,25.417820306716198,0.0,16.6993327710536,0.0,2.63081593516513,0.0,8.643312296825089,9.18136817283017,0.0,0.0,0.0,2.3550201473332204
TCGA-D8-A1JK,8.79522692110858,10.093479191754499,33.482766090543606,74.9799533079894,0.0,5.11935398832431,4.09055097571349,1.973661206554,21.294558637732198,23.0271219516611,22.970307740695898,0.0,0.0,24.874871377690702,3.23923307787145
TCGA-D8-A1JL,9.65284064311011,0.22779587020232897,4.57231029279487,41.128637421128296,21.7163020186924,6.81355146823524,0.7296338098517721,0.46992438575815,1.18193270179873,8.27846513705434,7.98961623683584,0.0,22.998289584397604,0.0,0.0
TCGA-D8-A1JM,14.198317368350802,0.7645663046827951,0.0,18.5542474633443,0.0,1.17501948217353,0.66925715807132,0.0,0.0,14.2719113989937,1.38182346565803,0.0,3.85236705505358,0.0,0.0
TCGA-D8-A1JP,2.88934666804257,2.21785831234346,79.53974394607009,20.104658018784,12.764610927623197,7.70165717213218,0.0,3.18397151240858,0.0,5.59654773923478,5.70836386793288,0.0,0.0,0.0,0.0
TCGA-D8-A1JU,6.581277341426119,0.935938202803237,2.68612700384187,6.92162418724547,1.45823346741747,0.0,1.4856305717916203,0.0,0.0,0.0,0.237069923296749,0.0,0.0,0.0,0.0
TCGA-D8-A1X5,15.2636018532112,3.1294962842796896,0.0,11.415066881045199,0.0,4.8262079702392,2.78663017747895,1.20918495868551,24.182842590103302,5.103728196772559,1.99209241434367,0.0,0.0,0.0,0.0
TCGA-D8-A1X6,11.8941725492362,2.6882636828179596,0.0,12.2810181597684,0.0,0.0,0.0,0.0,3.0464839979571896,0.0,0.0,1.16876989695815,8.132746105499129,0.0,4.81978749590085
TCGA-D8-A1X7,6.45565855916559,0.540965832172315,0.0,4.58728694083054,1.21176043510104,0.8298892754770029,0.0,0.0,1.76053958441827,1.50431766813156,7.09678784788419,0.0,6.088151094081139,0.0,0.0
TCGA-D8-A1XB,13.1153527548485,5.57149484210173,0.0,22.4256827421576,0.0,1.1154339249996899,0.543873170648026,0.0,1.0395522498941,3.7049598828836805,0.0,1.3413327734878402,0.0,0.0,1.4905069881100401
TCGA-D8-A1XF,16.441577181163098,2.2324377517014904,0.0,6.681062909328821,0.0,2.01353907284526,0.0,0.0,0.0,13.671805708543902,0.514715855397933,0.0,1.6187693631788302,3.65368517380475,2.2061884232308198
TCGA-D8-A1XG,3.62879235709548,0.9825597511515359,5.0307907978515,6.82968195215767,3.7993882668761496,0.0,0.0,0.0,0.0,2.9807757783754703,0.0,0.0,0.0,0.0,8.96117750879908
TCGA-D8-A1XJ,27.5041072794431,27.1543598482826,0.0,25.894274476083197,6.2472148899861395,1.14454980038189,0.0,0.0735981250794598,12.553812019161901,1.1832870274929,12.300059953614,0.0,0.0,0.0,0.0
TCGA-D8-A1XM,17.627728788541,15.8081722071667,0.0,14.3029882475058,3.5573992663207203,7.33608970255501,0.0,0.0,4.5183400088807595,0.0,1.56322136996204,0.0,0.0,0.0,0.0
TCGA-D8-A1XO,6.05041465623394,4.71235282463145,0.6154253716446229,0.0,6.91431241850311,4.64036209153075,1.61492534238949,0.0,0.0,1.1106292756995302,6.414261468868201,0.0,0.0,0.0,0.0953787693985935
TCGA-D8-A1XR,7.456747587741259,2.7504785603469197,0.301547147113952,0.55419059567892,0.35709237429804996,0.0,1.50850300791748,0.0,0.0,2.34792251727152,0.0,0.675034716698592,0.0,1.77061418632173,13.583266993026
TCGA-D8-A1XT,9.91250497702514,2.3180114475226,0.0,11.1347986516377,0.0,1.35441870467421,0.0,1.1905286549836,1.39295009144564,2.67070802256168,5.91156840227303,0.0,9.799046933263948,0.0,0.0
TCGA-D8-A1XU,5.01133455253966,8.62470701092542,0.0,14.262612056386399,0.0,1.7942513451748503,0.0,0.0,0.0,3.68306787958633,1.77890501322863,0.0,3.66235996582423,0.0,0.0
TCGA-D8-A1XW,14.1159956383131,5.1632851043907895,35.9109861715526,7.110157690783019,0.0,2.2324733764862597,0.605971255620677,4.11770539435478,0.0,5.18900355768185,8.831028046265699,0.157300418673451,38.9873599685845,0.0,0.0
TCGA-D8-A1XY,21.9298838132093,6.628840668481951,0.0,16.733092319625598,0.0,0.632221487888593,0.0,0.0,4.33121638710138,8.60074127935072,0.0,0.292370854316908,0.0,1.14894381196556,4.5411933134965805
TCGA-D8-A1XZ,36.4144852927266,0.0,0.0,3.6047655434597003,1.17035664190237,10.5409631339645,0.937178662369429,0.0,1.23879766149337,9.97027638521925,14.9468923335512,0.0137287576286442,9.29642479125662,0.0,13.3038325760932
TCGA-D8-A1Y0,9.545972224790571,3.89391303995033,34.011395240128195,0.602986358262693,15.1148076741313,9.29243222508533,1.0872409826426401,0.0,2.5078098593516898,0.0,5.4089385797001395,0.0,0.0,0.0,0.28659753769380497
TCGA-D8-A1Y1,154.008960920131,20.884052246167396,31.6818810523413,0.0,0.0,0.348982254864851,1.4796750223033601,0.0,0.0,1.48786196830102,0.0,0.0,0.0,0.0,30.9952744736816
TCGA-D8-A27F,3.91468600809072,0.856891528836452,0.0,15.991072671122902,10.843620494774498,8.17585616899088,0.0,0.0,4.994171233907879,5.84157484733232,3.7476987497672405,1.22971615390978,13.0064092260517,0.0,4.669649614035371
TCGA-D8-A27H,11.1766200906987,14.927568967956601,27.148413431809697,0.0,0.0,33.696443517866804,0.0,0.0,0.0,6.49660144688697,3.37053272712569,0.0,75.1019832973414,0.279808339685483,0.0
TCGA-D8-A27I,8.859805991232099,3.97441707810259,0.0,17.040294354575902,0.0,2.67793457374889,0.0,0.0,0.0,3.90896175234277,0.0,0.0,2.24908905114368,0.8425294444184659,1.05207082642007
TCGA-D8-A27M,6.86337108667799,2.30538715612865,0.0,4.007996486908049,0.0,7.668958996004269,0.992692989969866,0.0,5.37017350276451,31.4235403960329,3.75134062186452,0.0,27.9466049395258,5.15998776780125,0.0
TCGA-D8-A27N,21.245317584283303,1.8127904002353998,3.7445483080128903,1.9408498301099997,4.76600934881212,0.8350491090438791,0.0,0.13449278733070402,2.73965702410945,6.10396471760924,6.3583032896497205,0.7956203532349109,3.2752861596394105,0.0,3.54172206957318
TCGA-D8-A27T,10.440614370386301,4.37829245064698,0.0,9.91115633089249,0.0,0.0,0.0,0.0388397617805447,0.0,6.9408244067565406,0.0,0.0,0.0,1.57845193884677,2.4709958881574603
TCGA-E2-A108,9.795474747826919,55.40827244124001,39.0340608075806,7.83993452859417,0.0,66.694227564775,0.0,0.0,0.0,3.92775557130073,0.0,0.0,15.859204413287001,0.0,0.0
TCGA-E2-A10A,2.54831333771044,6.29229053053097,9.821152255945199,1.4850170907688898,0.0,2.4009597730660803,0.0,0.0,0.0,5.646084514125401,0.0221380433574267,0.0,0.0,0.0,4.6086099946412995
TCGA-E2-A10C,21.341368166882898,244.803204472963,0.0,15.585844312172501,0.0,196.79450551714802,0.0835595102421681,0.0,5.26142914371585,0.0,16.4536481851693,0.0,12.0583468519104,0.0,0.0
TCGA-E2-A14N,8.171487784240309,6.52785461451059,17.3090582641574,9.032507476694489,5.61023845952917,9.93605976062016,2.21177808045756,3.88062128361314,0.0,8.13500265900205,12.4129635726129,0.16316080590462198,29.1416434414621,0.0,0.0
TCGA-E2-A14P,27.901590999488302,17.4013151633056,0.0,20.0959955664547,0.0,9.325606195142699,1.4330725316038302,0.0,15.9578852065346,2.8037103727873904,12.380326044050697,1.85722295437011,0.0,0.0,0.0
TCGA-E2-A14Q,11.559859152160401,3.62541430177393,0.0,15.5996919733289,0.0,0.9679274421227141,0.525742557382627,1.23675895464298,5.72472032377087,3.21925943458172,2.4064637521672902,0.0,0.0,0.0,0.0
TCGA-E2-A14R,10.0644871067806,1.3984565665984199,41.6715486448095,36.9465851188081,0.0,11.3281760393438,0.481698671809093,0.774618271112352,0.0,10.293955945854199,0.0,0.0,16.9159484421187,0.0,0.0
TCGA-E2-A14T,12.0744769481962,3.60956532527844,4.92378747147992,5.53378845481007,0.0,3.8439391136361802,1.92638692276124,3.44160462806596,1.20520370768344,3.57346814106166,1.39413190257321,0.207598260689131,0.0,0.0,0.0
TCGA-E2-A14V,26.145876067540197,21.19146735277,4.55936058501855,19.2849438022786,0.0,32.218708682302896,0.7338378390819891,2.8608907146954,0.0,9.08997613951666,11.19158922192,0.0248289963313177,15.325285678817698,0.0,0.0
TCGA-E2-A14X,17.166788856286303,5.08824609276612,0.0,5.941190673488459,0.0,1.4090277016295,1.33580896905741,0.0,5.308688316785191,0.0,1.5503385545124502,0.0,1.6037749649087598,0.0,2.41480767953706
TCGA-E2-A14Z,10.1310303989935,19.272023702804802,0.0,24.9253874186351,1.4766908953289801,6.599783883591889,0.0,2.84955065803814,0.0,16.986872399530498,4.55187603257859,0.0,11.547595605161801,0.0,0.0
TCGA-E2-A150,15.671694561738601,2.07509969348225,0.0,5.49458738350253,0.0,0.6866115608852321,0.15966143721311402,5.40696417876741,19.130132067790502,0.0,6.661409404940139,0.0,16.9157873896886,7.1389894807198395,10.3251877129665
TCGA-E2-A152,12.6370007646342,50.212636610070604,0.0,23.1900158255796,0.0,58.13414301121801,0.0,0.0,0.0,9.837977840882,5.72264498636459,0.0,8.74997143010273,0.0,0.0
TCGA-E2-A153,11.285412169066602,5.06358892635499,0.0,0.0,0.0,0.0,0.0,0.152860442311778,0.0,2.26273173688369,4.57093965603811,0.0,0.7922043543923419,0.0,0.889355406427343
TCGA-E2-A154,17.8587341903123,0.20390438095791397,2.4641649265604104,0.0,0.0,0.619037125877395,0.0,0.0,20.4571823952616,0.0,4.84532460633186,0.0,5.06630150354163,0.0,3.15863803223746
TCGA-E2-A155,14.1295019630145,8.67084157052006,0.0,11.9898049022821,0.0,3.33884358912481,3.6380335454423998,0.0,1.28603352443612,12.1139544783832,11.1180586757035,0.42634349023297496,7.79336995752043,0.0,8.329574461088361
TCGA-E2-A156,6.4069669585140705,3.84933762263902,10.1048612265815,0.0,0.0,1.00355401992473,1.8442834371285302,0.0,3.20210193011491,0.0,0.95715817673189,1.00394073470642,0.0,0.0,0.0
TCGA-E2-A158,10.222609098188801,0.0,27.9105824157269,0.0,0.0,2.37056017383596,0.0,2.69087795804861,0.0,13.2762759931485,6.38070901306777,0.0297082151748287,28.9480086610069,0.0,5.43970506071324
TCGA-E2-A15A,10.5518614661789,1.07513134370525,0.0,0.0,0.0,2.1605879794168,1.99329306833599,1.87917025832732,17.5708229398946,0.42550124582890503,10.5260343951589,0.734292502535178,8.46785731865608,0.0,1.85746951962407
TCGA-E2-A15F,8.898054673630359,0.0,0.0,6.313216291816221,0.0,0.281283229628233,0.0,0.0,0.868966248169215,0.0,3.67544376830346,0.0,7.040556712086119,0.0,0.0
TCGA-E2-A15G,15.874846663766501,5.43052635122182,0.0,26.6049927335123,13.8422255143608,0.0,0.620734653085645,0.0,0.0,3.6059736534200497,9.46079864185144,0.0,0.0,0.0,0.0
TCGA-E2-A15M,20.8482933433473,15.3480584176877,25.761843773148303,11.688969422618198,3.07386243995862,14.1810685150438,0.0,0.0,0.0,14.607094628524,5.88518725826639,0.0,0.0,0.0,0.0
TCGA-E2-A15P,6.4112194197173205,0.414348409685674,0.0,11.774167202307801,0.0,0.0,0.0,0.0,2.0189117295031203,0.0,3.91015658789844,1.2727363370891103,0.0,0.0,0.0
TCGA-E2-A1B0,12.7835310298359,3.6282437769119,0.0,29.824129375188303,0.196436987500053,3.37532881214471,3.24155029219895,0.0,0.47678576844684795,3.91605578601468,0.603766932252588,0.0,0.0,0.0,0.0
TCGA-E2-A1B4,3.2883702133911097,4.893271703001219,0.0,26.6652217873573,0.0,0.243274067661371,0.0,0.0,0.0,6.51821278708539,0.0,0.0,0.0,0.495366542044753,0.0
TCGA-E2-A1B5,10.702176266869,12.521187189920099,0.0,11.6125279396083,0.0,8.11605345789294,0.0,1.71403222864802,0.0,1.26855208130814,4.09720101111738,0.0,0.0,0.0,0.0
TCGA-E2-A1BC,6.8275036817935595,0.0,0.0,10.1192310155798,3.04963768262093,3.09586596193105,0.0,0.0358762055864553,2.09530555485897,12.984487201859501,3.67721193092714,0.0,2.439883362878,0.0,0.539861365449399
TCGA-E2-A1IG,14.841144613113801,7.05322568241637,0.0,16.482760088856498,0.0,0.0,0.0,0.0,1.6963026393741998,5.597757703367599,5.373796808059139,0.904862561418555,5.002169381594809,0.0,0.0
TCGA-E2-A1II,6.90750319680172,0.0,0.0,0.0,1.08352800532556,0.0,0.0,0.621687238860688,0.0,0.0,0.0,0.0,11.254964650015399,13.3935091312084,0.291216492196137
TCGA-E2-A1IL,7.13876625880434,0.0,0.0,10.0413680521189,0.0,0.0,1.48698985346444,0.0,8.46404931966362,2.7287290894973397,1.32039677531532,0.0,0.6725033304344189,0.599805585504506,0.0
TCGA-E2-A1IN,17.896111406928302,83.99342992510459,15.5681744913531,0.0,0.0,90.2897230702779,0.0,0.82220805694848,0.0,6.17089396868936,4.751181044322269,0.0,24.7884734316153,0.0,5.86196879763976
TCGA-E2-A1IU,5.111614454595871,4.35417892821775,0.0,5.78998353255762,0.0,0.283295361963472,1.18775945332152,0.0,4.89067622546859,3.30705979584305,3.0459505292868903,0.0,7.325742374581409,0.0,0.0
TCGA-E2-A1L6,3.68659275532224,2.7605894455755497,0.0,24.502212640192102,0.0,0.0,0.9131562541164692,0.0,0.0,1.6041405397363002,0.0,0.0,0.0,0.0,0.0
TCGA-E2-A1L7,10.564288243884901,0.7102326514302421,17.8798999146195,9.34061093665093,13.6409912238977,2.6117912095673197,0.42672428511950894,3.38512123872882,0.0,10.555331403322901,7.036735058785419,0.0,4.92495270569102,0.0,0.0
TCGA-E2-A1L9,7.66874209598929,2.4192101136942203,0.0,4.5623398378394295,0.0,0.0,1.82182358028879,0.0,0.0,3.40404295353017,1.77544147024452,0.0,2.31422857305032,0.0,6.18318539346404
TCGA-E2-A1LB,7.039948354067071,12.8474674432571,23.7752013425631,1.8175202821794,0.0,11.4457476745565,0.0,0.0,0.20256518207761298,2.71421692433739,0.0,0.0,0.0,0.0,0.558336125700219
TCGA-E2-A1LH,17.849346787672502,17.9601881048234,82.4802072441432,0.0,0.0,33.493980840615805,0.0,4.596776917532139,16.1669529818354,0.0,0.0,0.0,62.873466071523,0.0,0.0
TCGA-E2-A1LL,10.3798792204124,0.0,23.7364485075063,10.7482229986699,3.41196806561583,5.284924946224121,1.3477157295346298,2.60210745131941,0.0,4.909169429467799,1.6536492982425999,0.0,0.0,0.0,0.0
TCGA-E9-A1N4,9.959023848987538,5.13855727019529,1.60399338894129,8.46695436627588,1.5201304148093302,7.06524986082921,0.0,0.0,0.0,1.07491626223469,0.0,0.0,1.03577438570744,0.0,0.0
TCGA-E9-A1N5,2.29373471323187,7.71725100966066,0.0,8.99748461286116,0.0,5.5004034924105,0.931771690848749,0.0,0.0,0.0,0.0,0.0,3.35999148507187,0.0,12.8956227154319
TCGA-E9-A1N9,11.1183559624751,6.13793329363622,0.0,8.85553391314385,0.0,0.0,0.8193264315155742,0.0,19.4101723248322,0.5802579396174781,0.0,1.7798888207039698,16.4640341564716,0.0,4.92540638564197
TCGA-E9-A1NA,11.6783454199104,4.4129307818454295,15.389460188535098,7.690492848141299,5.876262666693469,14.4833433901569,1.11753968838949,0.0,15.038832847819801,9.175678459295211,16.6981039427931,0.0,11.1811992698727,0.0,0.0
TCGA-E9-A1NC,8.825710953772099,3.56185134320968,7.79240931678518,0.0,3.6743136332012303,4.821998697766269,5.28349281997195,0.252171900935487,0.0,14.9018191440695,1.75242060679568,0.0,22.3419149088128,3.67419243860467,10.762194019560198
TCGA-E9-A1ND,23.1665467106466,5.18237445611561,35.9342068382333,13.2980687656601,6.492827630027981,8.115350479425139,0.22517571475446801,3.94502506912407,2.57914119736334,0.0,0.0,0.0,0.0,0.0,5.06373898108587
TCGA-E9-A1NE,4.6909298888318,2.38826309922748,0.0,0.0,0.0,0.0,0.0,0.0,10.476031231344098,0.0,7.2502688623797695,0.0,36.1173683927316,0.0,4.1577842228487
TCGA-E9-A1NF,8.39084944565074,13.8342591081029,0.0,15.219839197920301,1.74823046782409,4.16928751655082,0.0,0.0,6.86926697743469,0.0,12.629937433688,0.0,0.41313520743212295,0.0,0.0
TCGA-E9-A1NG,5.67620121700117,0.45125588972371006,3.30144095753879,5.87360556965515,4.33963409969814,0.0350175883283029,0.0,0.09582808296377301,0.861604281992488,0.0,2.5620475781719505,0.0,0.0,0.0,0.687347858573062
TCGA-E9-A1NH,9.11757718784719,0.5540249867075411,0.0,21.5633245874859,0.0,0.753750783193492,2.70951784379525,0.0,1.98643432347853,0.0,2.04274066365713,0.0,0.0,0.0,0.0
TCGA-E9-A1NI,10.752030103879399,0.48645940945593896,0.0,11.3100423605005,0.0,0.0,0.0,0.0,3.6656125149128402,0.0,2.7011431068040896,0.0,0.0,4.855706585884531,0.0
TCGA-E9-A227,1.6098661656707,1.72461687671388,0.0,6.67508083110126,0.0,1.6332256128026,0.0,0.0,0.0,0.149882762700809,2.3275137559148704,0.0,6.837764853005151,0.0,0.27795286842557204
TCGA-E9-A22A,6.30310179582578,4.63183895107093,8.900227554582528,0.0,0.0,2.9631101485414,0.0,0.0,0.0,3.5843885764356,0.733626254997408,0.0,8.41628976961435,0.0,0.0
TCGA-E9-A22B,18.372152610426603,7.926742723165409,0.0,22.9568069350978,2.7417197570674903,3.18844122859658,3.08343868630145,1.91975471261536,4.14638353611338,0.0,4.56081142468575,0.470245915777229,4.74369313809338,1.28526432040316,0.0
TCGA-E9-A22D,19.5004712294025,3.02242633569177,0.0,8.05454324565515,0.0,2.02071768295168,0.0150670734644781,0.0,5.2035564321319105,0.0,0.778861780573295,0.0,5.2010098929702195,0.0,0.0
TCGA-E9-A22E,13.002535814070198,10.105547790137301,32.8379110860161,0.0,15.1333325843928,18.5789198984553,0.0,4.57944089112143,0.0,9.35684957125383,11.570903252061301,0.5562642605029828,30.9129300356628,0.0,0.0
TCGA-E9-A22G,4.38025004866228,0.0,37.9134515407112,37.9295564966085,2.17085641275238,4.253225226107721,0.0,3.27691573129008,0.0,12.8713201080306,0.0,0.0,14.579275810396302,0.0,0.0
TCGA-E9-A22H,11.167512325741198,1.62064298387767,0.0,5.78786297418015,0.0,0.0,0.29438128100404,0.0,1.27023059834683,0.0,2.28851373043621,0.0,5.80132989229308,0.0,0.0
TCGA-EW-A1IW,16.620075098722598,39.129601279251105,0.0,11.499236451581499,0.0,20.381899009837998,1.19727003426934,0.0,8.24517703013121,0.0,10.3985520934615,0.0,21.7517792259875,0.0,0.0
TCGA-EW-A1IY,4.95889394177555,12.2098894902734,0.0,9.43753906007657,0.0,3.60691759750476,0.0,0.0,0.0,3.38656012396327,5.63420834663259,0.0,0.0,0.0,0.0
TCGA-EW-A1IZ,162.78755830127702,7.0749428298411,0.0,72.5565015280983,0.0,0.0,1.9944329899665298,2.87812868833537,0.0,8.77899270211849,0.0,0.0,0.0,0.0,176.504893045009
TCGA-EW-A1J1,8.1315795123886,0.0,0.7501902672325631,0.0,4.23394876627699,0.0,0.0,1.51437228226671,0.0,3.40446125411508,1.71360984620505,0.0,3.37496639344787,0.0,0.0
TCGA-EW-A1J2,12.396586949550601,2.3071316528376498,0.0,14.0088161418648,3.8057673538185495,0.9350265877280459,0.0,0.0,0.0,2.7539423462752097,3.94450650949815,2.4598299862757202,0.0,0.0,0.0
TCGA-EW-A1J3,5.901441201783889,2.23718259409746,8.747696981570881,13.1768958382748,0.0,0.0,0.0,0.0,0.0,0.0,0.887477060576337,0.0,0.0,0.0,0.0
TCGA-EW-A1J5,20.883577611748198,260.750267252602,0.0,0.0,0.0,201.917535426514,0.0,0.0,0.0,0.0,20.9921190932965,0.0,44.5280313993748,0.0,0.0
TCGA-EW-A1J6,11.140900068631598,1.11802392570556,0.0,6.34859941514276,0.0,0.0,0.0,0.0,1.93231734775738,13.2572737083853,4.39686755520944,0.0,9.87677820908434,0.0,0.0
TCGA-EW-A1OV,12.4612480310971,64.8143009605724,0.0,0.0,0.0,32.812137302742,0.0,0.0,0.0,5.41366886344323,8.9949455673032,0.0,13.014006946217599,3.26962780235969,0.0
TCGA-EW-A1OX,3.06226630047786,2.59596212648737,0.0,1.0453119273388498,0.0,2.31676291905857,0.0,0.0,0.0,3.7089061472573297,0.9055382522125679,1.03407124951349,4.86395450658644,0.079509421138875,4.068813161739549
TCGA-EW-A1OY,28.4936979652002,5.32403384120126,28.8644114481895,0.5107702742425579,0.0,4.00419586880502,0.0,0.0,0.0,4.54060665686725,8.45844222828679,0.72174884119975,1.3318958258198899,0.0,0.0
TCGA-EW-A1P0,3.54918269431337,0.0,10.2728801380007,4.27136630634869,0.55683465408326,0.677638454141419,0.0,1.36647962266907,1.66418353993092,3.5180243065998797,0.0,0.0,0.0,0.0,3.0914168325136298
TCGA-EW-A1P3,6.62441102160704,1.5843220567639598,0.0,19.6875689986413,0.0,0.0,0.0,0.0,0.0,0.47016329070481205,2.9238238036697,0.0,0.0,0.0,0.0
TCGA-EW-A1P4,10.5656775620859,0.0,0.0,33.7102872089854,0.0,5.71603968291659,1.14936465719106,0.0,0.0,4.07244771518346,0.0,0.0,18.128740740291,0.0,0.0
TCGA-EW-A1P5,11.0173943856142,0.0,0.0,0.0,0.0,1.23838231805631,0.584341435832396,0.0,4.94872677051569,0.0,0.0,0.0,1.4164708028746498,0.132614210726277,2.59390560060916
TCGA-EW-A1P6,8.87807472797302,0.520710302534974,0.0,20.1956985070754,0.0,0.0,0.0,0.0,0.0,0.26386407693978603,1.54562207732002,0.0,0.0,0.0,0.0
TCGA-EW-A1P8,5.91788888379038,0.0,0.0,0.32209253536801696,0.0,0.0,0.43522549346194,0.0,1.3022456419620199,0.0,6.90159961348483,0.0,14.221215654162,0.0,4.7182949213645
TCGA-EW-A1PA,7.23156201431322,2.42135958427612,0.0,13.4043627191944,0.0,0.89012083956787,0.0,0.0,0.0,2.3589718732716802,2.8023422086870404,0.5138377944154099,12.438747580913502,0.0,0.17245458836262398
TCGA-EW-A1PB,6.90779570686492,27.034626753502103,23.423214095988897,0.0,0.0,47.0131657133595,0.0,0.0,9.93270819050466,0.0,13.4051885654148,0.0,52.0401457532535,0.5568308692825991,0.0
TCGA-EW-A1PE,6.5057252543435,5.97314352819235,3.3829826167342003,0.0,0.0,0.0,0.175911484049779,1.70717151611055,0.0,7.26804590926483,3.19205423306918,0.0,6.635498427107859,0.8513991472519941,4.50882142116685
TCGA-EW-A1PH,15.6313347528434,2.1239094814232202,0.0,12.848686236991801,0.0,3.3850085573709,4.51351686449293,0.0,0.9797776812816171,9.106668861027151,4.711877272616951,0.558416243284607,11.745110193510099,0.8971123847987379,0.0
